,park_name,bus_act_count
0,Commodore Barry Park,10
1,Commodore Barry Park,10
2,Commodore Barry Park,10
3,Commodore Barry Park,10
4,Commodore Barry Park,10
5,Commodore Barry Park,10
6,Commodore Barry Park,10
7,Commodore Barry Park,10
8,Commodore Barry Park,10
9,Commodore Barry Park,10
10,Commodore Barry Park,10
11,Commodore Barry Park,10
12,Commodore Barry Park,10
13,Commodore Barry Park,10
14,Commodore Barry Park,10
15,Pierrepont Playground,1
16,Brooklyn Heights Promenade,11
17,Brooklyn Heights Promenade,11
18,Brooklyn Heights Promenade,11
19,Brooklyn Heights Promenade,11
20,Brooklyn Heights Promenade,11
21,Brooklyn Heights Promenade,11
22,Brooklyn Heights Promenade,11
23,Brooklyn Heights Promenade,11
24,Brooklyn Heights Promenade,11
25,Brooklyn Heights Promenade,11
26,Brooklyn Heights Promenade,11
27,Brooklyn Bridge Park,4
28,Brooklyn Bridge Park,4
29,Brooklyn Bridge Park,4
30,Brooklyn Bridge Park,4
31,Golconda Playground,7
32,Golconda Playground,7
33,Golconda Playground,7
34,Golconda Playground,7
35,Golconda Playground,7
36,Golconda Playground,7
37,Golconda Playground,7
38,Fort Stirling Park,2
39,Fort Stirling Park,2
40,Walt Whitman Park,1
41,Trinity Park,7
42,Trinity Park,7
43,Trinity Park,7
44,Trinity Park,7
45,Trinity Park,7
46,Trinity Park,7
47,Trinity Park,7
48,Cadman Plaza Park,4
49,Cadman Plaza Park,4
50,Cadman Plaza Park,4
51,Cadman Plaza Park,4
52,Anchorage Plaza,5
53,Anchorage Plaza,5
54,Anchorage Plaza,5
55,Anchorage Plaza,5
56,Anchorage Plaza,5
57,Bridge Park,11
58,Bridge Park,11
59,Bridge Park,11
60,Bridge Park,11
61,Bridge Park,11
62,Bridge Park,11
63,Bridge Park,11
64,Bridge Park,11
65,Bridge Park,11
66,Bridge Park,11
67,Bridge Park,11
68,Bridge Park,11
69,Bridge Park,11
70,Bridge Park,11
71,Hillside Park,11
72,Hillside Park,11
73,Hillside Park,11
74,Hillside Park,11
75,Hillside Park,11
76,Hillside Park,11
77,Hillside Park,11
78,Hillside Park,11
79,Hillside Park,11
80,Hillside Park,11
81,Hillside Park,11
82,Korean War Veterans Plaza,1
83,GREENSTREET,440
84,GREENSTREET,440
85,GREENSTREET,440
86,GREENSTREET,440
87,GREENSTREET,440
88,GREENSTREET,440
89,GREENSTREET,440
90,GREENSTREET,440
91,GREENSTREET,440
92,GREENSTREET,440
93,GREENSTREET,440
94,GREENSTREET,440
95,GREENSTREET,440
96,GREENSTREET,440
97,GREENSTREET,440
98,GREENSTREET,440
99,GREENSTREET,440
100,GREENSTREET,440
101,GREENSTREET,440
102,GREENSTREET,440
103,GREENSTREET,440
104,GREENSTREET,440
105,GREENSTREET,440
106,GREENSTREET,440
107,GREENSTREET,440
108,GREENSTREET,440
109,GREENSTREET,440
110,GREENSTREET,440
111,GREENSTREET,440
112,GREENSTREET,440
113,GREENSTREET,440
114,GREENSTREET,440
115,GREENSTREET,440
116,GREENSTREET,440
117,GREENSTREET,440
118,GREENSTREET,440
119,GREENSTREET,440
120,GREENSTREET,440
121,GREENSTREET,440
122,GREENSTREET,440
123,GREENSTREET,440
124,GREENSTREET,440
125,GREENSTREET,440
126,GREENSTREET,440
127,GREENSTREET,440
128,GREENSTREET,440
129,GREENSTREET,440
130,GREENSTREET,440
131,GREENSTREET,440
132,GREENSTREET,440
133,GREENSTREET,440
134,GREENSTREET,440
135,GREENSTREET,440
136,GREENSTREET,440
137,GREENSTREET,440
138,GREENSTREET,440
139,GREENSTREET,440
140,GREENSTREET,440
141,GREENSTREET,440
142,GREENSTREET,440
143,GREENSTREET,440
144,GREENSTREET,440
145,GREENSTREET,440
146,GREENSTREET,440
147,GREENSTREET,440
148,GREENSTREET,440
149,GREENSTREET,440
150,GREENSTREET,440
151,GREENSTREET,440
152,GREENSTREET,440
153,GREENSTREET,440
154,GREENSTREET,440
155,GREENSTREET,440
156,GREENSTREET,440
157,GREENSTREET,440
158,GREENSTREET,440
159,GREENSTREET,440
160,GREENSTREET,440
161,GREENSTREET,440
162,GREENSTREET,440
163,GREENSTREET,440
164,GREENSTREET,440
165,GREENSTREET,440
166,GREENSTREET,440
167,GREENSTREET,440
168,GREENSTREET,440
169,GREENSTREET,440
170,GREENSTREET,440
171,GREENSTREET,440
172,GREENSTREET,440
173,GREENSTREET,440
174,GREENSTREET,440
175,GREENSTREET,440
176,GREENSTREET,440
177,GREENSTREET,440
178,GREENSTREET,440
179,GREENSTREET,440
180,GREENSTREET,440
181,GREENSTREET,440
182,GREENSTREET,440
183,GREENSTREET,440
184,GREENSTREET,440
185,GREENSTREET,440
186,GREENSTREET,440
187,GREENSTREET,440
188,GREENSTREET,440
189,GREENSTREET,440
190,GREENSTREET,440
191,GREENSTREET,440
192,GREENSTREET,440
193,GREENSTREET,440
194,GREENSTREET,440
195,GREENSTREET,440
196,GREENSTREET,440
197,GREENSTREET,440
198,GREENSTREET,440
199,GREENSTREET,440
200,GREENSTREET,440
201,GREENSTREET,440
202,GREENSTREET,440
203,GREENSTREET,440
204,GREENSTREET,440
205,GREENSTREET,440
206,GREENSTREET,440
207,GREENSTREET,440
208,GREENSTREET,440
209,GREENSTREET,440
210,GREENSTREET,440
211,GREENSTREET,440
212,GREENSTREET,440
213,GREENSTREET,440
214,GREENSTREET,440
215,GREENSTREET,440
216,GREENSTREET,440
217,GREENSTREET,440
218,GREENSTREET,440
219,GREENSTREET,440
220,GREENSTREET,440
221,GREENSTREET,440
222,GREENSTREET,440
223,GREENSTREET,440
224,GREENSTREET,440
225,GREENSTREET,440
226,GREENSTREET,440
227,GREENSTREET,440
228,GREENSTREET,440
229,GREENSTREET,440
230,GREENSTREET,440
231,GREENSTREET,440
232,GREENSTREET,440
233,GREENSTREET,440
234,GREENSTREET,440
235,GREENSTREET,440
236,GREENSTREET,440
237,GREENSTREET,440
238,GREENSTREET,440
239,GREENSTREET,440
240,GREENSTREET,440
241,GREENSTREET,440
242,GREENSTREET,440
243,GREENSTREET,440
244,GREENSTREET,440
245,GREENSTREET,440
246,GREENSTREET,440
247,GREENSTREET,440
248,GREENSTREET,440
249,GREENSTREET,440
250,GREENSTREET,440
251,GREENSTREET,440
252,GREENSTREET,440
253,GREENSTREET,440
254,GREENSTREET,440
255,GREENSTREET,440
256,GREENSTREET,440
257,GREENSTREET,440
258,GREENSTREET,440
259,GREENSTREET,440
260,GREENSTREET,440
261,GREENSTREET,440
262,GREENSTREET,440
263,GREENSTREET,440
264,GREENSTREET,440
265,GREENSTREET,440
266,GREENSTREET,440
267,GREENSTREET,440
268,GREENSTREET,440
269,GREENSTREET,440
270,GREENSTREET,440
271,GREENSTREET,440
272,GREENSTREET,440
273,GREENSTREET,440
274,GREENSTREET,440
275,GREENSTREET,440
276,GREENSTREET,440
277,GREENSTREET,440
278,GREENSTREET,440
279,GREENSTREET,440
280,GREENSTREET,440
281,GREENSTREET,440
282,GREENSTREET,440
283,GREENSTREET,440
284,GREENSTREET,440
285,GREENSTREET,440
286,GREENSTREET,440
287,GREENSTREET,440
288,GREENSTREET,440
289,GREENSTREET,440
290,GREENSTREET,440
291,GREENSTREET,440
292,GREENSTREET,440
293,GREENSTREET,440
294,GREENSTREET,440
295,GREENSTREET,440
296,GREENSTREET,440
297,GREENSTREET,440
298,GREENSTREET,440
299,GREENSTREET,440
300,GREENSTREET,440
301,GREENSTREET,440
302,GREENSTREET,440
303,GREENSTREET,440
304,GREENSTREET,440
305,GREENSTREET,440
306,GREENSTREET,440
307,GREENSTREET,440
308,GREENSTREET,440
309,GREENSTREET,440
310,GREENSTREET,440
311,GREENSTREET,440
312,GREENSTREET,440
313,GREENSTREET,440
314,GREENSTREET,440
315,GREENSTREET,440
316,GREENSTREET,440
317,GREENSTREET,440
318,GREENSTREET,440
319,GREENSTREET,440
320,GREENSTREET,440
321,GREENSTREET,440
322,GREENSTREET,440
323,GREENSTREET,440
324,GREENSTREET,440
325,GREENSTREET,440
326,GREENSTREET,440
327,GREENSTREET,440
328,GREENSTREET,440
329,GREENSTREET,440
330,GREENSTREET,440
331,GREENSTREET,440
332,GREENSTREET,440
333,GREENSTREET,440
334,GREENSTREET,440
335,GREENSTREET,440
336,GREENSTREET,440
337,GREENSTREET,440
338,GREENSTREET,440
339,GREENSTREET,440
340,GREENSTREET,440
341,GREENSTREET,440
342,GREENSTREET,440
343,GREENSTREET,440
344,GREENSTREET,440
345,GREENSTREET,440
346,GREENSTREET,440
347,GREENSTREET,440
348,GREENSTREET,440
349,GREENSTREET,440
350,GREENSTREET,440
351,GREENSTREET,440
352,GREENSTREET,440
353,GREENSTREET,440
354,GREENSTREET,440
355,GREENSTREET,440
356,GREENSTREET,440
357,GREENSTREET,440
358,GREENSTREET,440
359,GREENSTREET,440
360,GREENSTREET,440
361,GREENSTREET,440
362,GREENSTREET,440
363,GREENSTREET,440
364,GREENSTREET,440
365,GREENSTREET,440
366,GREENSTREET,440
367,GREENSTREET,440
368,GREENSTREET,440
369,GREENSTREET,440
370,GREENSTREET,440
371,GREENSTREET,440
372,GREENSTREET,440
373,GREENSTREET,440
374,GREENSTREET,440
375,GREENSTREET,440
376,GREENSTREET,440
377,GREENSTREET,440
378,GREENSTREET,440
379,GREENSTREET,440
380,GREENSTREET,440
381,GREENSTREET,440
382,GREENSTREET,440
383,GREENSTREET,440
384,GREENSTREET,440
385,GREENSTREET,440
386,GREENSTREET,440
387,GREENSTREET,440
388,GREENSTREET,440
389,GREENSTREET,440
390,GREENSTREET,440
391,GREENSTREET,440
392,GREENSTREET,440
393,GREENSTREET,440
394,GREENSTREET,440
395,GREENSTREET,440
396,GREENSTREET,440
397,GREENSTREET,440
398,GREENSTREET,440
399,GREENSTREET,440
400,GREENSTREET,440
401,GREENSTREET,440
402,GREENSTREET,440
403,GREENSTREET,440
404,GREENSTREET,440
405,GREENSTREET,440
406,GREENSTREET,440
407,GREENSTREET,440
408,GREENSTREET,440
409,GREENSTREET,440
410,GREENSTREET,440
411,GREENSTREET,440
412,GREENSTREET,440
413,GREENSTREET,440
414,GREENSTREET,440
415,GREENSTREET,440
416,GREENSTREET,440
417,GREENSTREET,440
418,GREENSTREET,440
419,GREENSTREET,440
420,GREENSTREET,440
421,GREENSTREET,440
422,GREENSTREET,440
423,GREENSTREET,440
424,GREENSTREET,440
425,GREENSTREET,440
426,GREENSTREET,440
427,GREENSTREET,440
428,GREENSTREET,440
429,GREENSTREET,440
430,GREENSTREET,440
431,GREENSTREET,440
432,GREENSTREET,440
433,GREENSTREET,440
434,GREENSTREET,440
435,GREENSTREET,440
436,GREENSTREET,440
437,GREENSTREET,440
438,GREENSTREET,440
439,GREENSTREET,440
440,GREENSTREET,440
441,GREENSTREET,440
442,GREENSTREET,440
443,GREENSTREET,440
444,GREENSTREET,440
445,GREENSTREET,440
446,GREENSTREET,440
447,GREENSTREET,440
448,GREENSTREET,440
449,GREENSTREET,440
450,GREENSTREET,440
451,GREENSTREET,440
452,GREENSTREET,440
453,GREENSTREET,440
454,GREENSTREET,440
455,GREENSTREET,440
456,GREENSTREET,440
457,GREENSTREET,440
458,GREENSTREET,440
459,GREENSTREET,440
460,GREENSTREET,440
461,GREENSTREET,440
462,GREENSTREET,440
463,GREENSTREET,440
464,GREENSTREET,440
465,GREENSTREET,440
466,GREENSTREET,440
467,GREENSTREET,440
468,GREENSTREET,440
469,GREENSTREET,440
470,GREENSTREET,440
471,GREENSTREET,440
472,GREENSTREET,440
473,GREENSTREET,440
474,GREENSTREET,440
475,GREENSTREET,440
476,GREENSTREET,440
477,GREENSTREET,440
478,GREENSTREET,440
479,GREENSTREET,440
480,GREENSTREET,440
481,GREENSTREET,440
482,GREENSTREET,440
483,GREENSTREET,440
484,GREENSTREET,440
485,GREENSTREET,440
486,GREENSTREET,440
487,GREENSTREET,440
488,GREENSTREET,440
489,GREENSTREET,440
490,GREENSTREET,440
491,GREENSTREET,440
492,GREENSTREET,440
493,GREENSTREET,440
494,GREENSTREET,440
495,GREENSTREET,440
496,GREENSTREET,440
497,GREENSTREET,440
498,GREENSTREET,440
499,GREENSTREET,440
500,GREENSTREET,440
501,GREENSTREET,440
502,GREENSTREET,440
503,GREENSTREET,440
504,GREENSTREET,440
505,GREENSTREET,440
506,GREENSTREET,440
507,GREENSTREET,440
508,GREENSTREET,440
509,GREENSTREET,440
510,GREENSTREET,440
511,GREENSTREET,440
512,GREENSTREET,440
513,GREENSTREET,440
514,GREENSTREET,440
515,GREENSTREET,440
516,GREENSTREET,440
517,GREENSTREET,440
518,GREENSTREET,440
519,GREENSTREET,440
520,GREENSTREET,440
521,GREENSTREET,440
522,GREENSTREET,440
523,GREENSTREET,440
524,GREENSTREET,440
525,GREENSTREET,440
526,GREENSTREET,440
527,GREENSTREET,440
528,GREENSTREET,440
529,GREENSTREET,440
530,GREENSTREET,440
531,GREENSTREET,440
532,GREENSTREET,440
533,GREENSTREET,440
534,GREENSTREET,440
535,GREENSTREET,440
536,GREENSTREET,440
537,GREENSTREET,440
538,GREENSTREET,440
539,GREENSTREET,440
540,GREENSTREET,440
541,GREENSTREET,440
542,GREENSTREET,440
543,GREENSTREET,440
544,GREENSTREET,440
545,GREENSTREET,440
546,GREENSTREET,440
547,GREENSTREET,440
548,GREENSTREET,440
549,GREENSTREET,440
550,GREENSTREET,440
551,GREENSTREET,440
552,GREENSTREET,440
553,GREENSTREET,440
554,GREENSTREET,440
555,GREENSTREET,440
556,GREENSTREET,440
557,GREENSTREET,440
558,GREENSTREET,440
559,GREENSTREET,440
560,GREENSTREET,440
561,GREENSTREET,440
562,GREENSTREET,440
563,GREENSTREET,440
564,GREENSTREET,440
565,GREENSTREET,440
566,GREENSTREET,440
567,GREENSTREET,440
568,GREENSTREET,440
569,GREENSTREET,440
570,GREENSTREET,440
571,GREENSTREET,440
572,GREENSTREET,440
573,GREENSTREET,440
574,GREENSTREET,440
575,GREENSTREET,440
576,GREENSTREET,440
577,GREENSTREET,440
578,GREENSTREET,440
579,GREENSTREET,440
580,GREENSTREET,440
581,GREENSTREET,440
582,GREENSTREET,440
583,GREENSTREET,440
584,GREENSTREET,440
585,GREENSTREET,440
586,GREENSTREET,440
587,GREENSTREET,440
588,GREENSTREET,440
589,GREENSTREET,440
590,GREENSTREET,440
591,GREENSTREET,440
592,GREENSTREET,440
593,GREENSTREET,440
594,GREENSTREET,440
595,GREENSTREET,440
596,GREENSTREET,440
597,GREENSTREET,440
598,GREENSTREET,440
599,GREENSTREET,440
600,GREENSTREET,440
601,GREENSTREET,440
602,GREENSTREET,440
603,GREENSTREET,440
604,GREENSTREET,440
605,GREENSTREET,440
606,GREENSTREET,440
607,GREENSTREET,440
608,GREENSTREET,440
609,GREENSTREET,440
610,GREENSTREET,440
611,GREENSTREET,440
612,GREENSTREET,440
613,GREENSTREET,440
614,GREENSTREET,440
615,GREENSTREET,440
616,GREENSTREET,440
617,GREENSTREET,440
618,GREENSTREET,440
619,GREENSTREET,440
620,McLaughlin Park,6
621,McLaughlin Park,6
622,McLaughlin Park,6
623,McLaughlin Park,6
624,McLaughlin Park,6
625,McLaughlin Park,6
626,Lot,3
627,Lot,3
628,Lot,3
629,Lot,3
630,Lot,3
631,Lot,3
632,Fruit Street Sitting Area,1
633,Harry Chapin Playground,1
634,Squibb Park,3
635,Squibb Park,3
636,Squibb Park,3
637,Bar and Grill Park,2
638,Bar and Grill Park,2
639,Clumber Corner,2
640,Clumber Corner,2
641,Park,8
642,Park,8
643,Park,8
644,Park,8
645,Park,8
646,Park,8
647,Park,8
648,Park,8
649,Park,8
650,Park,8
651,Park,8
652,Park,8
653,Park,8
654,Park,8
655,Park,8
656,Park,8
657,Park,8
658,Park,8
659,Park,8
660,Park,8
661,Park,8
662,Park,8
663,Park,8
664,Park,8
665,Park,8
666,Park,8
667,Park,8
668,Park,8
669,Park,8
670,Park,8
671,Park,8
672,Park,8
673,Park,8
674,Park,8
675,Park,8
676,Park,8
677,Park,8
678,Park,8
679,Park,8
680,Park,8
681,Park,8
682,Park,8
683,Park,8
684,Park,8
685,Park,8
686,Park,8
687,Park,8
688,Park,8
689,Park,8
690,Park,8
691,Park,8
692,Park,8
693,Park,8
694,Park,8
695,Park,8
696,Park,8
697,Park,8
698,Park,8
699,Park,8
700,Park,8
701,Park,8
702,Park,8
703,Park,8
704,Park,8
705,Park,8
706,Park,8
707,Park,8
708,Park,8
709,Park,8
710,Park,8
711,Park,8
712,Columbus Park,28
713,Columbus Park,28
714,Columbus Park,28
715,Columbus Park,28
716,Columbus Park,28
717,Columbus Park,28
718,Columbus Park,28
719,Columbus Park,28
720,Columbus Park,28
721,Columbus Park,28
722,Battery Park,4
723,Battery Park,4
724,Battery Park,4
725,Battery Park,4
726,Tanahey Playground,15
727,Tanahey Playground,15
728,Tanahey Playground,15
729,Tanahey Playground,15
730,Tanahey Playground,15
731,Coleman Playground,12
732,Coleman Playground,12
733,Coleman Playground,12
734,Coleman Playground,12
735,Little Flower Playground,15
736,Little Flower Playground,15
737,Little Flower Playground,15
738,Little Flower Playground,15
739,Little Flower Playground,15
740,Playground One,9
741,Playground One,9
742,Playground One,9
743,Seward Park,15
744,Seward Park,15
745,Seward Park,15
746,Seward Park,15
747,Seward Park,15
748,Alfred E. Smith Playground,18
749,Alfred E. Smith Playground,18
750,Alfred E. Smith Playground,18
751,Alfred E. Smith Playground,18
752,Alfred E. Smith Playground,18
753,Alfred E. Smith Playground,18
754,Sophie Irene Loeb,3
755,Captain Jacob Joseph Playground,3
756,Allen Mall One,18
757,Allen Mall One,18
758,Allen Mall One,18
759,Allen Mall One,18
760,Allen Mall One,18
761,Allen Mall One,18
762,Straus Square,6
763,Straus Square,6
764,Battery Park City,33
765,Battery Park City,33
766,Battery Park City,33
767,Battery Park City,33
768,Battery Park City,33
769,Battery Park City,33
770,Battery Park City,33
771,Battery Park City,33
772,Battery Park City,33
773,Battery Park City,33
774,Battery Park City,33
775,Battery Park City,33
776,Vietnam Veterans Plaza,1
777,British Garden at Hanover Square,2
778,Bowling Green,2
779,Fishbridge Garden,3
780,Triangle/Plaza,2
781,City Hall Park,6
782,City Hall Park,6
783,St. James Triangle,3
784,Kimlau Square,3
785,Thomas Paine Park,6
786,Thomas Paine Park,6
787,DeLury Square,3
788,Coenties Slip,1
789,Imagination Playground,2
790,Pearl St Playground,3
791,Catherine Slip Malls,3
792,James Madison Plaza,3
793,Peck Slip,3
794,Greenstreet,229
795,Greenstreet,229
796,Greenstreet,229
797,Greenstreet,229
798,Greenstreet,229
799,Greenstreet,229
800,Greenstreet,229
801,Greenstreet,229
802,Greenstreet,229
803,Greenstreet,229
804,Greenstreet,229
805,Greenstreet,229
806,Greenstreet,229
807,Greenstreet,229
808,Greenstreet,229
809,Greenstreet,229
810,Greenstreet,229
811,Greenstreet,229
812,Greenstreet,229
813,Greenstreet,229
814,Greenstreet,229
815,Greenstreet,229
816,Greenstreet,229
817,Greenstreet,229
818,Greenstreet,229
819,Greenstreet,229
820,Greenstreet,229
821,Greenstreet,229
822,Greenstreet,229
823,Greenstreet,229
824,Greenstreet,229
825,Greenstreet,229
826,Greenstreet,229
827,Greenstreet,229
828,Greenstreet,229
829,Greenstreet,229
830,Greenstreet,229
831,Greenstreet,229
832,Greenstreet,229
833,Greenstreet,229
834,Greenstreet,229
835,Greenstreet,229
836,Greenstreet,229
837,Greenstreet,229
838,Greenstreet,229
839,Greenstreet,229
840,Greenstreet,229
841,Greenstreet,229
842,Greenstreet,229
843,Greenstreet,229
844,Greenstreet,229
845,Greenstreet,229
846,Greenstreet,229
847,Greenstreet,229
848,Greenstreet,229
849,Greenstreet,229
850,Greenstreet,229
851,Greenstreet,229
852,Greenstreet,229
853,Greenstreet,229
854,Greenstreet,229
855,Greenstreet,229
856,Greenstreet,229
857,Greenstreet,229
858,Greenstreet,229
859,Greenstreet,229
860,Greenstreet,229
861,Greenstreet,229
862,Greenstreet,229
863,Greenstreet,229
864,Greenstreet,229
865,Greenstreet,229
866,Greenstreet,229
867,Greenstreet,229
868,Greenstreet,229
869,Greenstreet,229
870,Greenstreet,229
871,Greenstreet,229
872,Greenstreet,229
873,Greenstreet,229
874,Greenstreet,229
875,Greenstreet,229
876,Greenstreet,229
877,Greenstreet,229
878,Greenstreet,229
879,Greenstreet,229
880,Greenstreet,229
881,Greenstreet,229
882,Greenstreet,229
883,Greenstreet,229
884,Greenstreet,229
885,Greenstreet,229
886,Greenstreet,229
887,Greenstreet,229
888,Greenstreet,229
889,Greenstreet,229
890,Greenstreet,229
891,Greenstreet,229
892,Greenstreet,229
893,Greenstreet,229
894,Greenstreet,229
895,Greenstreet,229
896,Greenstreet,229
897,Greenstreet,229
898,Greenstreet,229
899,Greenstreet,229
900,Greenstreet,229
901,Greenstreet,229
902,Greenstreet,229
903,Greenstreet,229
904,Greenstreet,229
905,Greenstreet,229
906,Greenstreet,229
907,Greenstreet,229
908,Greenstreet,229
909,Greenstreet,229
910,Greenstreet,229
911,Greenstreet,229
912,Greenstreet,229
913,Greenstreet,229
914,Greenstreet,229
915,Greenstreet,229
916,Greenstreet,229
917,Greenstreet,229
918,Greenstreet,229
919,Greenstreet,229
920,Greenstreet,229
921,Greenstreet,229
922,Greenstreet,229
923,Greenstreet,229
924,Greenstreet,229
925,Greenstreet,229
926,Greenstreet,229
927,Greenstreet,229
928,Greenstreet,229
929,Greenstreet,229
930,Greenstreet,229
931,Greenstreet,229
932,Greenstreet,229
933,Greenstreet,229
934,Greenstreet,229
935,Greenstreet,229
936,Greenstreet,229
937,Greenstreet,229
938,Greenstreet,229
939,Greenstreet,229
940,Greenstreet,229
941,Greenstreet,229
942,Greenstreet,229
943,Greenstreet,229
944,Greenstreet,229
945,Greenstreet,229
946,Greenstreet,229
947,Greenstreet,229
948,Greenstreet,229
949,Greenstreet,229
950,Greenstreet,229
951,Greenstreet,229
952,Greenstreet,229
953,Greenstreet,229
954,Greenstreet,229
955,Greenstreet,229
956,Greenstreet,229
957,Greenstreet,229
958,Greenstreet,229
959,Greenstreet,229
960,Greenstreet,229
961,Greenstreet,229
962,Greenstreet,229
963,Greenstreet,229
964,Greenstreet,229
965,Greenstreet,229
966,Greenstreet,229
967,Greenstreet,229
968,Greenstreet,229
969,Greenstreet,229
970,Greenstreet,229
971,Greenstreet,229
972,Greenstreet,229
973,Greenstreet,229
974,Greenstreet,229
975,Greenstreet,229
976,Greenstreet,229
977,Greenstreet,229
978,Greenstreet,229
979,Greenstreet,229
980,Greenstreet,229
981,Greenstreet,229
982,Greenstreet,229
983,Greenstreet,229
984,Greenstreet,229
985,Greenstreet,229
986,Greenstreet,229
987,Greenstreet,229
988,Greenstreet,229
989,Greenstreet,229
990,Greenstreet,229
991,Greenstreet,229
992,Greenstreet,229
993,Greenstreet,229
994,Greenstreet,229
995,Greenstreet,229
996,Greenstreet,229
997,Greenstreet,229
998,Greenstreet,229
999,Greenstreet,229
1000,Greenstreet,229
1001,Greenstreet,229
1002,Greenstreet,229
1003,Greenstreet,229
1004,Greenstreet,229
1005,Greenstreet,229
1006,Greenstreet,229
1007,Greenstreet,229
1008,Greenstreet,229
1009,Greenstreet,229
1010,Greenstreet,229
1011,Greenstreet,229
1012,Greenstreet,229
1013,Greenstreet,229
1014,Greenstreet,229
1015,Greenstreet,229
1016,Greenstreet,229
1017,Greenstreet,229
1018,Greenstreet,229
1019,Greenstreet,229
1020,Greenstreet,229
1021,Greenstreet,229
1022,Greenstreet,229
1023,Greenstreet,229
1024,Greenstreet,229
1025,Greenstreet,229
1026,Greenstreet,229
1027,Greenstreet,229
1028,Greenstreet,229
1029,Greenstreet,229
1030,Greenstreet,229
1031,Greenstreet,229
1032,Greenstreet,229
1033,Greenstreet,229
1034,Greenstreet,229
1035,Greenstreet,229
1036,Greenstreet,229
1037,Greenstreet,229
1038,Greenstreet,229
1039,Greenstreet,229
1040,Greenstreet,229
1041,Greenstreet,229
1042,Greenstreet,229
1043,Greenstreet,229
1044,Greenstreet,229
1045,Greenstreet,229
1046,Greenstreet,229
1047,Greenstreet,229
1048,Greenstreet,229
1049,Greenstreet,229
1050,Greenstreet,229
1051,Greenstreet,229
1052,Greenstreet,229
1053,Greenstreet,229
1054,Greenstreet,229
1055,Greenstreet,229
1056,Greenstreet,229
1057,Greenstreet,229
1058,Greenstreet,229
1059,Greenstreet,229
1060,Greenstreet,229
1061,Greenstreet,229
1062,Greenstreet,229
1063,Greenstreet,229
1064,Greenstreet,229
1065,Greenstreet,229
1066,Greenstreet,229
1067,Greenstreet,229
1068,Greenstreet,229
1069,Greenstreet,229
1070,Greenstreet,229
1071,Greenstreet,229
1072,Greenstreet,229
1073,Greenstreet,229
1074,Greenstreet,229
1075,Greenstreet,229
1076,Greenstreet,229
1077,Greenstreet,229
1078,Greenstreet,229
1079,Greenstreet,229
1080,Greenstreet,229
1081,Greenstreet,229
1082,Greenstreet,229
1083,Greenstreet,229
1084,Greenstreet,229
1085,Greenstreet,229
1086,Greenstreet,229
1087,Greenstreet,229
1088,Greenstreet,229
1089,Greenstreet,229
1090,Greenstreet,229
1091,Greenstreet,229
1092,Greenstreet,229
1093,Greenstreet,229
1094,Greenstreet,229
1095,Greenstreet,229
1096,Greenstreet,229
1097,Greenstreet,229
1098,Greenstreet,229
1099,Greenstreet,229
1100,Greenstreet,229
1101,Greenstreet,229
1102,Greenstreet,229
1103,Greenstreet,229
1104,Greenstreet,229
1105,Greenstreet,229
1106,Greenstreet,229
1107,Greenstreet,229
1108,Greenstreet,229
1109,Greenstreet,229
1110,Greenstreet,229
1111,Greenstreet,229
1112,Greenstreet,229
1113,Greenstreet,229
1114,Greenstreet,229
1115,Greenstreet,229
1116,Greenstreet,229
1117,Greenstreet,229
1118,Greenstreet,229
1119,Greenstreet,229
1120,Greenstreet,229
1121,Greenstreet,229
1122,Greenstreet,229
1123,Greenstreet,229
1124,Greenstreet,229
1125,Greenstreet,229
1126,Greenstreet,229
1127,Greenstreet,229
1128,Greenstreet,229
1129,Greenstreet,229
1130,Greenstreet,229
1131,Greenstreet,229
1132,Greenstreet,229
1133,Greenstreet,229
1134,Greenstreet,229
1135,Greenstreet,229
1136,Greenstreet,229
1137,Greenstreet,229
1138,Greenstreet,229
1139,Greenstreet,229
1140,Greenstreet,229
1141,Greenstreet,229
1142,Greenstreet,229
1143,Greenstreet,229
1144,Greenstreet,229
1145,Greenstreet,229
1146,Greenstreet,229
1147,Greenstreet,229
1148,Greenstreet,229
1149,Greenstreet,229
1150,Greenstreet,229
1151,Greenstreet,229
1152,Greenstreet,229
1153,Greenstreet,229
1154,Greenstreet,229
1155,Greenstreet,229
1156,Greenstreet,229
1157,Greenstreet,229
1158,Greenstreet,229
1159,Greenstreet,229
1160,Greenstreet,229
1161,Greenstreet,229
1162,Greenstreet,229
1163,Greenstreet,229
1164,Greenstreet,229
1165,Greenstreet,229
1166,Greenstreet,229
1167,Greenstreet,229
1168,Greenstreet,229
1169,Greenstreet,229
1170,Greenstreet,229
1171,Greenstreet,229
1172,Greenstreet,229
1173,Greenstreet,229
1174,Greenstreet,229
1175,Greenstreet,229
1176,Greenstreet,229
1177,Greenstreet,229
1178,Greenstreet,229
1179,Greenstreet,229
1180,Greenstreet,229
1181,Greenstreet,229
1182,Greenstreet,229
1183,Greenstreet,229
1184,Greenstreet,229
1185,Greenstreet,229
1186,Greenstreet,229
1187,Greenstreet,229
1188,Greenstreet,229
1189,Greenstreet,229
1190,Greenstreet,229
1191,Greenstreet,229
1192,Greenstreet,229
1193,Greenstreet,229
1194,Greenstreet,229
1195,Greenstreet,229
1196,Greenstreet,229
1197,Greenstreet,229
1198,Greenstreet,229
1199,Greenstreet,229
1200,Greenstreet,229
1201,Greenstreet,229
1202,Greenstreet,229
1203,Greenstreet,229
1204,Greenstreet,229
1205,Greenstreet,229
1206,Greenstreet,229
1207,Greenstreet,229
1208,Greenstreet,229
1209,Greenstreet,229
1210,Greenstreet,229
1211,Greenstreet,229
1212,Greenstreet,229
1213,Greenstreet,229
1214,Greenstreet,229
1215,Greenstreet,229
1216,Greenstreet,229
1217,Greenstreet,229
1218,Greenstreet,229
1219,Greenstreet,229
1220,Greenstreet,229
1221,Greenstreet,229
1222,Greenstreet,229
1223,Greenstreet,229
1224,Greenstreet,229
1225,Greenstreet,229
1226,Greenstreet,229
1227,Greenstreet,229
1228,Greenstreet,229
1229,Greenstreet,229
1230,Greenstreet,229
1231,Greenstreet,229
1232,Greenstreet,229
1233,Greenstreet,229
1234,Greenstreet,229
1235,Greenstreet,229
1236,Greenstreet,229
1237,Greenstreet,229
1238,Greenstreet,229
1239,Greenstreet,229
1240,Greenstreet,229
1241,Greenstreet,229
1242,Greenstreet,229
1243,Greenstreet,229
1244,Greenstreet,229
1245,Greenstreet,229
1246,Greenstreet,229
1247,Greenstreet,229
1248,Greenstreet,229
1249,Greenstreet,229
1250,Greenstreet,229
1251,Greenstreet,229
1252,Greenstreet,229
1253,Greenstreet,229
1254,Greenstreet,229
1255,Greenstreet,229
1256,Greenstreet,229
1257,Greenstreet,229
1258,Greenstreet,229
1259,Greenstreet,229
1260,Greenstreet,229
1261,Greenstreet,229
1262,Greenstreet,229
1263,Greenstreet,229
1264,Greenstreet,229
1265,Greenstreet,229
1266,Greenstreet,229
1267,Greenstreet,229
1268,Greenstreet,229
1269,Greenstreet,229
1270,Greenstreet,229
1271,Greenstreet,229
1272,Greenstreet,229
1273,Greenstreet,229
1274,Greenstreet,229
1275,Greenstreet,229
1276,Greenstreet,229
1277,Greenstreet,229
1278,Greenstreet,229
1279,Greenstreet,229
1280,Greenstreet,229
1281,Greenstreet,229
1282,Greenstreet,229
1283,Greenstreet,229
1284,Greenstreet,229
1285,Greenstreet,229
1286,Greenstreet,229
1287,Greenstreet,229
1288,Greenstreet,229
1289,Greenstreet,229
1290,Greenstreet,229
1291,Greenstreet,229
1292,Greenstreet,229
1293,Greenstreet,229
1294,Greenstreet,229
1295,Greenstreet,229
1296,Greenstreet,229
1297,Greenstreet,229
1298,Greenstreet,229
1299,Greenstreet,229
1300,Greenstreet,229
1301,Greenstreet,229
1302,Greenstreet,229
1303,Greenstreet,229
1304,Greenstreet,229
1305,Greenstreet,229
1306,Greenstreet,229
1307,Greenstreet,229
1308,Greenstreet,229
1309,Greenstreet,229
1310,Greenstreet,229
1311,Greenstreet,229
1312,Greenstreet,229
1313,Greenstreet,229
1314,Greenstreet,229
1315,Greenstreet,229
1316,Greenstreet,229
1317,Greenstreet,229
1318,Greenstreet,229
1319,Greenstreet,229
1320,Greenstreet,229
1321,Greenstreet,229
1322,Greenstreet,229
1323,Greenstreet,229
1324,Greenstreet,229
1325,Greenstreet,229
1326,Greenstreet,229
1327,Greenstreet,229
1328,Greenstreet,229
1329,Greenstreet,229
1330,Greenstreet,229
1331,Greenstreet,229
1332,Greenstreet,229
1333,Greenstreet,229
1334,Greenstreet,229
1335,Greenstreet,229
1336,Greenstreet,229
1337,Greenstreet,229
1338,Greenstreet,229
1339,Greenstreet,229
1340,Greenstreet,229
1341,Greenstreet,229
1342,Greenstreet,229
1343,Greenstreet,229
1344,Greenstreet,229
1345,Greenstreet,229
1346,Greenstreet,229
1347,Greenstreet,229
1348,Greenstreet,229
1349,Greenstreet,229
1350,Greenstreet,229
1351,Greenstreet,229
1352,Greenstreet,229
1353,Greenstreet,229
1354,Greenstreet,229
1355,Greenstreet,229
1356,Greenstreet,229
1357,Greenstreet,229
1358,Greenstreet,229
1359,Greenstreet,229
1360,Greenstreet,229
1361,Greenstreet,229
1362,Greenstreet,229
1363,Greenstreet,229
1364,Greenstreet,229
1365,Greenstreet,229
1366,Greenstreet,229
1367,Greenstreet,229
1368,Greenstreet,229
1369,Greenstreet,229
1370,Greenstreet,229
1371,Greenstreet,229
1372,Greenstreet,229
1373,Greenstreet,229
1374,Greenstreet,229
1375,Greenstreet,229
1376,Greenstreet,229
1377,Greenstreet,229
1378,Greenstreet,229
1379,Greenstreet,229
1380,Greenstreet,229
1381,Greenstreet,229
1382,Greenstreet,229
1383,Greenstreet,229
1384,Greenstreet,229
1385,Greenstreet,229
1386,Greenstreet,229
1387,Greenstreet,229
1388,Greenstreet,229
1389,Greenstreet,229
1390,Greenstreet,229
1391,Greenstreet,229
1392,Greenstreet,229
1393,Greenstreet,229
1394,Greenstreet,229
1395,Greenstreet,229
1396,Greenstreet,229
1397,Greenstreet,229
1398,Greenstreet,229
1399,Greenstreet,229
1400,Greenstreet,229
1401,Greenstreet,229
1402,Greenstreet,229
1403,Greenstreet,229
1404,Greenstreet,229
1405,Greenstreet,229
1406,Greenstreet,229
1407,Greenstreet,229
1408,Greenstreet,229
1409,Greenstreet,229
1410,Greenstreet,229
1411,Greenstreet,229
1412,Greenstreet,229
1413,Greenstreet,229
1414,Greenstreet,229
1415,Greenstreet,229
1416,Greenstreet,229
1417,Greenstreet,229
1418,Greenstreet,229
1419,Greenstreet,229
1420,Greenstreet,229
1421,Greenstreet,229
1422,Greenstreet,229
1423,Greenstreet,229
1424,Greenstreet,229
1425,Greenstreet,229
1426,Greenstreet,229
1427,Greenstreet,229
1428,Greenstreet,229
1429,Greenstreet,229
1430,Greenstreet,229
1431,Greenstreet,229
1432,Greenstreet,229
1433,Greenstreet,229
1434,Greenstreet,229
1435,Greenstreet,229
1436,Greenstreet,229
1437,Greenstreet,229
1438,Greenstreet,229
1439,Greenstreet,229
1440,Greenstreet,229
1441,Greenstreet,229
1442,Greenstreet,229
1443,Greenstreet,229
1444,Greenstreet,229
1445,Greenstreet,229
1446,Greenstreet,229
1447,Greenstreet,229
1448,Greenstreet,229
1449,Greenstreet,229
1450,Greenstreet,229
1451,Greenstreet,229
1452,Greenstreet,229
1453,Greenstreet,229
1454,Greenstreet,229
1455,Greenstreet,229
1456,Greenstreet,229
1457,Greenstreet,229
1458,Greenstreet,229
1459,Greenstreet,229
1460,Greenstreet,229
1461,Greenstreet,229
1462,Greenstreet,229
1463,Greenstreet,229
1464,Greenstreet,229
1465,Greenstreet,229
1466,Greenstreet,229
1467,Greenstreet,229
1468,Greenstreet,229
1469,Greenstreet,229
1470,Greenstreet,229
1471,Greenstreet,229
1472,Greenstreet,229
1473,Greenstreet,229
1474,Greenstreet,229
1475,Greenstreet,229
1476,Greenstreet,229
1477,Greenstreet,229
1478,Greenstreet,229
1479,Greenstreet,229
1480,Greenstreet,229
1481,Greenstreet,229
1482,Greenstreet,229
1483,Greenstreet,229
1484,Greenstreet,229
1485,Greenstreet,229
1486,Greenstreet,229
1487,Greenstreet,229
1488,Greenstreet,229
1489,Greenstreet,229
1490,Greenstreet,229
1491,Greenstreet,229
1492,Greenstreet,229
1493,Greenstreet,229
1494,Greenstreet,229
1495,Greenstreet,229
1496,Greenstreet,229
1497,Greenstreet,229
1498,Greenstreet,229
1499,Greenstreet,229
1500,Greenstreet,229
1501,Greenstreet,229
1502,Greenstreet,229
1503,Greenstreet,229
1504,Greenstreet,229
1505,Greenstreet,229
1506,Greenstreet,229
1507,Greenstreet,229
1508,Greenstreet,229
1509,Greenstreet,229
1510,Greenstreet,229
1511,Greenstreet,229
1512,Greenstreet,229
1513,Greenstreet,229
1514,Greenstreet,229
1515,Greenstreet,229
1516,Greenstreet,229
1517,Greenstreet,229
1518,Greenstreet,229
1519,Greenstreet,229
1520,Greenstreet,229
1521,Greenstreet,229
1522,Greenstreet,229
1523,Greenstreet,229
1524,Greenstreet,229
1525,Greenstreet,229
1526,Greenstreet,229
1527,Greenstreet,229
1528,Greenstreet,229
1529,Greenstreet,229
1530,Greenstreet,229
1531,Greenstreet,229
1532,Greenstreet,229
1533,Greenstreet,229
1534,Greenstreet,229
1535,Greenstreet,229
1536,Greenstreet,229
1537,Greenstreet,229
1538,Greenstreet,229
1539,Greenstreet,229
1540,Greenstreet,229
1541,Greenstreet,229
1542,Greenstreet,229
1543,Greenstreet,229
1544,Greenstreet,229
1545,Greenstreet,229
1546,Greenstreet,229
1547,Greenstreet,229
1548,Greenstreet,229
1549,Greenstreet,229
1550,Greenstreet,229
1551,Greenstreet,229
1552,Greenstreet,229
1553,Greenstreet,229
1554,Greenstreet,229
1555,Greenstreet,229
1556,Greenstreet,229
1557,Greenstreet,229
1558,Greenstreet,229
1559,Greenstreet,229
1560,Greenstreet,229
1561,Greenstreet,229
1562,Greenstreet,229
1563,Greenstreet,229
1564,Greenstreet,229
1565,Greenstreet,229
1566,Greenstreet,229
1567,Greenstreet,229
1568,Greenstreet,229
1569,Greenstreet,229
1570,Greenstreet,229
1571,Greenstreet,229
1572,Greenstreet,229
1573,Greenstreet,229
1574,Greenstreet,229
1575,Greenstreet,229
1576,Greenstreet,229
1577,Greenstreet,229
1578,Greenstreet,229
1579,Greenstreet,229
1580,Greenstreet,229
1581,Greenstreet,229
1582,Greenstreet,229
1583,Greenstreet,229
1584,Greenstreet,229
1585,Greenstreet,229
1586,Greenstreet,229
1587,Greenstreet,229
1588,Greenstreet,229
1589,Greenstreet,229
1590,Greenstreet,229
1591,Greenstreet,229
1592,Greenstreet,229
1593,Greenstreet,229
1594,Greenstreet,229
1595,Greenstreet,229
1596,Greenstreet,229
1597,Greenstreet,229
1598,Greenstreet,229
1599,Greenstreet,229
1600,Greenstreet,229
1601,Greenstreet,229
1602,Greenstreet,229
1603,Greenstreet,229
1604,Greenstreet,229
1605,Greenstreet,229
1606,Greenstreet,229
1607,Greenstreet,229
1608,Greenstreet,229
1609,Greenstreet,229
1610,Greenstreet,229
1611,Greenstreet,229
1612,Greenstreet,229
1613,Greenstreet,229
1614,Greenstreet,229
1615,Greenstreet,229
1616,Greenstreet,229
1617,Greenstreet,229
1618,Greenstreet,229
1619,Greenstreet,229
1620,Greenstreet,229
1621,Greenstreet,229
1622,Greenstreet,229
1623,Greenstreet,229
1624,Greenstreet,229
1625,Greenstreet,229
1626,Greenstreet,229
1627,Greenstreet,229
1628,Greenstreet,229
1629,Greenstreet,229
1630,Greenstreet,229
1631,Greenstreet,229
1632,Greenstreet,229
1633,Greenstreet,229
1634,Greenstreet,229
1635,Greenstreet,229
1636,Greenstreet,229
1637,Greenstreet,229
1638,Greenstreet,229
1639,Greenstreet,229
1640,Greenstreet,229
1641,Greenstreet,229
1642,Greenstreet,229
1643,Greenstreet,229
1644,Greenstreet,229
1645,Greenstreet,229
1646,Greenstreet,229
1647,Greenstreet,229
1648,Greenstreet,229
1649,Greenstreet,229
1650,Greenstreet,229
1651,Greenstreet,229
1652,Greenstreet,229
1653,Greenstreet,229
1654,Greenstreet,229
1655,Greenstreet,229
1656,Greenstreet,229
1657,Greenstreet,229
1658,Greenstreet,229
1659,Greenstreet,229
1660,Greenstreet,229
1661,Greenstreet,229
1662,Greenstreet,229
1663,Greenstreet,229
1664,Greenstreet,229
1665,Greenstreet,229
1666,Greenstreet,229
1667,Greenstreet,229
1668,Greenstreet,229
1669,Greenstreet,229
1670,Greenstreet,229
1671,Greenstreet,229
1672,Greenstreet,229
1673,Greenstreet,229
1674,Greenstreet,229
1675,Greenstreet,229
1676,Greenstreet,229
1677,Greenstreet,229
1678,Greenstreet,229
1679,Greenstreet,229
1680,Greenstreet,229
1681,Greenstreet,229
1682,Greenstreet,229
1683,Greenstreet,229
1684,Greenstreet,229
1685,Greenstreet,229
1686,Greenstreet,229
1687,Greenstreet,229
1688,Greenstreet,229
1689,Greenstreet,229
1690,Greenstreet,229
1691,Greenstreet,229
1692,Greenstreet,229
1693,Greenstreet,229
1694,Greenstreet,229
1695,Greenstreet,229
1696,Greenstreet,229
1697,Greenstreet,229
1698,Greenstreet,229
1699,Greenstreet,229
1700,Greenstreet,229
1701,Greenstreet,229
1702,Greenstreet,229
1703,Greenstreet,229
1704,Greenstreet,229
1705,Greenstreet,229
1706,Greenstreet,229
1707,Greenstreet,229
1708,Greenstreet,229
1709,Greenstreet,229
1710,Greenstreet,229
1711,Greenstreet,229
1712,Greenstreet,229
1713,Greenstreet,229
1714,Greenstreet,229
1715,Greenstreet,229
1716,Greenstreet,229
1717,Greenstreet,229
1718,Greenstreet,229
1719,Greenstreet,229
1720,Greenstreet,229
1721,Greenstreet,229
1722,Greenstreet,229
1723,Greenstreet,229
1724,Greenstreet,229
1725,Greenstreet,229
1726,Greenstreet,229
1727,Greenstreet,229
1728,Greenstreet,229
1729,Greenstreet,229
1730,Greenstreet,229
1731,Greenstreet,229
1732,Greenstreet,229
1733,Greenstreet,229
1734,Greenstreet,229
1735,Greenstreet,229
1736,Greenstreet,229
1737,Greenstreet,229
1738,Greenstreet,229
1739,Greenstreet,229
1740,Greenstreet,229
1741,Greenstreet,229
1742,Greenstreet,229
1743,Greenstreet,229
1744,Greenstreet,229
1745,Greenstreet,229
1746,Greenstreet,229
1747,Greenstreet,229
1748,Greenstreet,229
1749,Greenstreet,229
1750,Greenstreet,229
1751,Greenstreet,229
1752,Greenstreet,229
1753,Greenstreet,229
1754,Greenstreet,229
1755,Greenstreet,229
1756,Greenstreet,229
1757,Greenstreet,229
1758,Greenstreet,229
1759,Greenstreet,229
1760,Greenstreet,229
1761,Greenstreet,229
1762,Greenstreet,229
1763,Greenstreet,229
1764,Greenstreet,229
1765,Greenstreet,229
1766,Greenstreet,229
1767,Greenstreet,229
1768,Greenstreet,229
1769,Greenstreet,229
1770,Greenstreet,229
1771,Greenstreet,229
1772,Greenstreet,229
1773,Greenstreet,229
1774,Greenstreet,229
1775,Greenstreet,229
1776,Greenstreet,229
1777,Greenstreet,229
1778,Greenstreet,229
1779,Greenstreet,229
1780,Greenstreet,229
1781,Greenstreet,229
1782,Greenstreet,229
1783,Greenstreet,229
1784,Greenstreet,229
1785,Greenstreet,229
1786,Greenstreet,229
1787,Greenstreet,229
1788,Greenstreet,229
1789,Greenstreet,229
1790,Greenstreet,229
1791,Greenstreet,229
1792,Greenstreet,229
1793,Greenstreet,229
1794,Greenstreet,229
1795,Greenstreet,229
1796,Greenstreet,229
1797,Greenstreet,229
1798,Greenstreet,229
1799,Greenstreet,229
1800,Greenstreet,229
1801,Greenstreet,229
1802,Greenstreet,229
1803,Greenstreet,229
1804,Greenstreet,229
1805,Greenstreet,229
1806,Greenstreet,229
1807,Greenstreet,229
1808,Greenstreet,229
1809,Greenstreet,229
1810,Greenstreet,229
1811,Greenstreet,229
1812,Greenstreet,229
1813,Greenstreet,229
1814,Greenstreet,229
1815,Greenstreet,229
1816,Greenstreet,229
1817,Greenstreet,229
1818,Greenstreet,229
1819,Greenstreet,229
1820,Greenstreet,229
1821,Greenstreet,229
1822,Greenstreet,229
1823,Greenstreet,229
1824,Greenstreet,229
1825,Greenstreet,229
1826,Greenstreet,229
1827,Greenstreet,229
1828,Greenstreet,229
1829,Greenstreet,229
1830,Greenstreet,229
1831,Greenstreet,229
1832,Greenstreet,229
1833,Greenstreet,229
1834,Greenstreet,229
1835,Greenstreet,229
1836,Greenstreet,229
1837,Greenstreet,229
1838,Greenstreet,229
1839,Greenstreet,229
1840,Greenstreet,229
1841,Greenstreet,229
1842,Greenstreet,229
1843,Greenstreet,229
1844,Greenstreet,229
1845,Greenstreet,229
1846,Greenstreet,229
1847,Greenstreet,229
1848,Greenstreet,229
1849,Greenstreet,229
1850,Greenstreet,229
1851,Greenstreet,229
1852,Greenstreet,229
1853,Greenstreet,229
1854,Greenstreet,229
1855,Greenstreet,229
1856,Greenstreet,229
1857,Greenstreet,229
1858,Greenstreet,229
1859,Greenstreet,229
1860,Greenstreet,229
1861,Greenstreet,229
1862,Greenstreet,229
1863,Greenstreet,229
1864,Greenstreet,229
1865,Greenstreet,229
1866,Greenstreet,229
1867,Greenstreet,229
1868,Greenstreet,229
1869,Greenstreet,229
1870,Greenstreet,229
1871,Greenstreet,229
1872,Greenstreet,229
1873,Greenstreet,229
1874,Greenstreet,229
1875,Greenstreet,229
1876,Greenstreet,229
1877,Greenstreet,229
1878,Greenstreet,229
1879,Greenstreet,229
1880,Greenstreet,229
1881,Greenstreet,229
1882,Greenstreet,229
1883,Greenstreet,229
1884,Greenstreet,229
1885,Greenstreet,229
1886,Greenstreet,229
1887,Greenstreet,229
1888,Greenstreet,229
1889,Greenstreet,229
1890,Greenstreet,229
1891,Greenstreet,229
1892,Greenstreet,229
1893,Greenstreet,229
1894,Greenstreet,229
1895,Greenstreet,229
1896,Greenstreet,229
1897,Greenstreet,229
1898,Greenstreet,229
1899,Greenstreet,229
1900,Greenstreet,229
1901,Greenstreet,229
1902,Greenstreet,229
1903,Greenstreet,229
1904,Greenstreet,229
1905,Greenstreet,229
1906,Greenstreet,229
1907,Greenstreet,229
1908,Greenstreet,229
1909,Greenstreet,229
1910,Greenstreet,229
1911,Greenstreet,229
1912,Greenstreet,229
1913,Greenstreet,229
1914,Greenstreet,229
1915,Greenstreet,229
1916,Greenstreet,229
1917,Greenstreet,229
1918,Greenstreet,229
1919,Greenstreet,229
1920,Greenstreet,229
1921,Greenstreet,229
1922,Greenstreet,229
1923,Greenstreet,229
1924,Greenstreet,229
1925,Greenstreet,229
1926,Greenstreet,229
1927,Greenstreet,229
1928,Greenstreet,229
1929,Greenstreet,229
1930,Greenstreet,229
1931,Greenstreet,229
1932,Greenstreet,229
1933,Greenstreet,229
1934,Greenstreet,229
1935,Greenstreet,229
1936,Greenstreet,229
1937,Greenstreet,229
1938,Greenstreet,229
1939,Greenstreet,229
1940,Greenstreet,229
1941,Greenstreet,229
1942,Greenstreet,229
1943,Greenstreet,229
1944,Greenstreet,229
1945,Greenstreet,229
1946,Greenstreet,229
1947,Greenstreet,229
1948,Greenstreet,229
1949,Greenstreet,229
1950,Greenstreet,229
1951,Greenstreet,229
1952,Greenstreet,229
1953,Greenstreet,229
1954,Greenstreet,229
1955,Greenstreet,229
1956,Greenstreet,229
1957,Greenstreet,229
1958,Greenstreet,229
1959,Greenstreet,229
1960,Greenstreet,229
1961,Greenstreet,229
1962,Greenstreet,229
1963,Greenstreet,229
1964,Greenstreet,229
1965,Greenstreet,229
1966,Greenstreet,229
1967,Greenstreet,229
1968,Greenstreet,229
1969,Greenstreet,229
1970,Greenstreet,229
1971,Greenstreet,229
1972,Greenstreet,229
1973,Greenstreet,229
1974,Greenstreet,229
1975,Greenstreet,229
1976,Greenstreet,229
1977,Greenstreet,229
1978,Greenstreet,229
1979,Greenstreet,229
1980,Greenstreet,229
1981,Greenstreet,229
1982,Greenstreet,229
1983,Greenstreet,229
1984,Greenstreet,229
1985,Greenstreet,229
1986,Greenstreet,229
1987,Greenstreet,229
1988,Greenstreet,229
1989,Greenstreet,229
1990,Greenstreet,229
1991,Greenstreet,229
1992,Greenstreet,229
1993,Greenstreet,229
1994,Greenstreet,229
1995,Greenstreet,229
1996,Greenstreet,229
1997,Greenstreet,229
1998,Greenstreet,229
1999,Greenstreet,229
2000,Greenstreet,229
2001,Greenstreet,229
2002,Greenstreet,229
2003,Greenstreet,229
2004,Greenstreet,229
2005,Greenstreet,229
2006,Greenstreet,229
2007,Greenstreet,229
2008,Greenstreet,229
2009,Greenstreet,229
2010,Greenstreet,229
2011,Greenstreet,229
2012,Greenstreet,229
2013,Greenstreet,229
2014,Greenstreet,229
2015,Greenstreet,229
2016,Greenstreet,229
2017,Greenstreet,229
2018,Greenstreet,229
2019,Greenstreet,229
2020,Greenstreet,229
2021,Greenstreet,229
2022,Greenstreet,229
2023,Greenstreet,229
2024,Greenstreet,229
2025,Greenstreet,229
2026,Greenstreet,229
2027,Greenstreet,229
2028,Greenstreet,229
2029,Greenstreet,229
2030,Greenstreet,229
2031,Greenstreet,229
2032,Greenstreet,229
2033,Greenstreet,229
2034,Greenstreet,229
2035,Greenstreet,229
2036,Greenstreet,229
2037,Greenstreet,229
2038,Greenstreet,229
2039,Greenstreet,229
2040,Greenstreet,229
2041,Greenstreet,229
2042,Greenstreet,229
2043,Greenstreet,229
2044,Greenstreet,229
2045,Greenstreet,229
2046,Greenstreet,229
2047,Greenstreet,229
2048,Greenstreet,229
2049,Greenstreet,229
2050,Greenstreet,229
2051,Greenstreet,229
2052,Greenstreet,229
2053,Greenstreet,229
2054,Greenstreet,229
2055,Greenstreet,229
2056,Greenstreet,229
2057,Greenstreet,229
2058,Greenstreet,229
2059,Greenstreet,229
2060,Greenstreet,229
2061,Greenstreet,229
2062,Greenstreet,229
2063,Greenstreet,229
2064,Greenstreet,229
2065,Greenstreet,229
2066,Greenstreet,229
2067,Greenstreet,229
2068,Greenstreet,229
2069,Greenstreet,229
2070,Greenstreet,229
2071,Greenstreet,229
2072,Greenstreet,229
2073,Greenstreet,229
2074,Greenstreet,229
2075,Greenstreet,229
2076,Greenstreet,229
2077,Greenstreet,229
2078,Greenstreet,229
2079,Greenstreet,229
2080,Greenstreet,229
2081,Greenstreet,229
2082,Greenstreet,229
2083,Greenstreet,229
2084,Greenstreet,229
2085,Greenstreet,229
2086,Greenstreet,229
2087,Greenstreet,229
2088,Greenstreet,229
2089,Greenstreet,229
2090,Greenstreet,229
2091,Greenstreet,229
2092,Greenstreet,229
2093,Greenstreet,229
2094,Greenstreet,229
2095,Greenstreet,229
2096,Greenstreet,229
2097,Greenstreet,229
2098,Greenstreet,229
2099,Greenstreet,229
2100,Greenstreet,229
2101,Greenstreet,229
2102,Greenstreet,229
2103,Greenstreet,229
2104,Greenstreet,229
2105,Greenstreet,229
2106,Greenstreet,229
2107,Greenstreet,229
2108,Greenstreet,229
2109,Greenstreet,229
2110,Greenstreet,229
2111,Greenstreet,229
2112,Greenstreet,229
2113,Greenstreet,229
2114,Greenstreet,229
2115,Greenstreet,229
2116,Greenstreet,229
2117,Greenstreet,229
2118,Greenstreet,229
2119,Greenstreet,229
2120,Greenstreet,229
2121,Greenstreet,229
2122,Greenstreet,229
2123,Greenstreet,229
2124,Greenstreet,229
2125,Greenstreet,229
2126,Greenstreet,229
2127,Greenstreet,229
2128,Greenstreet,229
2129,Greenstreet,229
2130,Greenstreet,229
2131,Greenstreet,229
2132,Greenstreet,229
2133,Greenstreet,229
2134,Greenstreet,229
2135,Greenstreet,229
2136,Greenstreet,229
2137,Greenstreet,229
2138,Greenstreet,229
2139,Greenstreet,229
2140,Greenstreet,229
2141,Greenstreet,229
2142,Greenstreet,229
2143,Greenstreet,229
2144,Greenstreet,229
2145,Greenstreet,229
2146,Greenstreet,229
2147,Greenstreet,229
2148,Greenstreet,229
2149,Greenstreet,229
2150,Greenstreet,229
2151,Greenstreet,229
2152,Greenstreet,229
2153,Greenstreet,229
2154,Greenstreet,229
2155,Greenstreet,229
2156,Greenstreet,229
2157,Greenstreet,229
2158,Greenstreet,229
2159,Greenstreet,229
2160,Greenstreet,229
2161,Greenstreet,229
2162,Greenstreet,229
2163,Greenstreet,229
2164,Greenstreet,229
2165,Greenstreet,229
2166,Greenstreet,229
2167,Greenstreet,229
2168,Greenstreet,229
2169,Greenstreet,229
2170,Greenstreet,229
2171,Greenstreet,229
2172,Greenstreet,229
2173,Greenstreet,229
2174,Greenstreet,229
2175,Greenstreet,229
2176,Greenstreet,229
2177,Greenstreet,229
2178,Greenstreet,229
2179,Greenstreet,229
2180,Greenstreet,229
2181,Greenstreet,229
2182,Greenstreet,229
2183,Greenstreet,229
2184,Greenstreet,229
2185,Greenstreet,229
2186,Greenstreet,229
2187,Greenstreet,229
2188,Greenstreet,229
2189,Greenstreet,229
2190,Greenstreet,229
2191,Greenstreet,229
2192,Greenstreet,229
2193,Greenstreet,229
2194,Greenstreet,229
2195,Greenstreet,229
2196,Greenstreet,229
2197,Greenstreet,229
2198,Greenstreet,229
2199,Greenstreet,229
2200,Greenstreet,229
2201,Greenstreet,229
2202,Greenstreet,229
2203,Greenstreet,229
2204,Greenstreet,229
2205,Greenstreet,229
2206,Greenstreet,229
2207,Greenstreet,229
2208,Greenstreet,229
2209,Greenstreet,229
2210,Greenstreet,229
2211,Greenstreet,229
2212,Greenstreet,229
2213,Greenstreet,229
2214,Greenstreet,229
2215,Greenstreet,229
2216,Greenstreet,229
2217,Greenstreet,229
2218,Greenstreet,229
2219,Greenstreet,229
2220,Greenstreet,229
2221,Greenstreet,229
2222,Greenstreet,229
2223,Greenstreet,229
2224,Greenstreet,229
2225,Greenstreet,229
2226,Greenstreet,229
2227,Greenstreet,229
2228,Greenstreet,229
2229,Greenstreet,229
2230,Greenstreet,229
2231,Greenstreet,229
2232,Greenstreet,229
2233,Greenstreet,229
2234,Greenstreet,229
2235,Greenstreet,229
2236,Greenstreet,229
2237,Greenstreet,229
2238,Greenstreet,229
2239,Greenstreet,229
2240,Greenstreet,229
2241,Greenstreet,229
2242,Greenstreet,229
2243,Greenstreet,229
2244,Greenstreet,229
2245,Greenstreet,229
2246,Greenstreet,229
2247,Greenstreet,229
2248,Greenstreet,229
2249,Greenstreet,229
2250,Greenstreet,229
2251,Greenstreet,229
2252,Greenstreet,229
2253,Greenstreet,229
2254,Greenstreet,229
2255,Greenstreet,229
2256,Greenstreet,229
2257,Greenstreet,229
2258,Greenstreet,229
2259,Greenstreet,229
2260,Greenstreet,229
2261,Greenstreet,229
2262,Greenstreet,229
2263,Greenstreet,229
2264,Greenstreet,229
2265,Greenstreet,229
2266,Greenstreet,229
2267,Greenstreet,229
2268,Greenstreet,229
2269,Greenstreet,229
2270,Greenstreet,229
2271,Greenstreet,229
2272,Greenstreet,229
2273,Greenstreet,229
2274,Greenstreet,229
2275,Greenstreet,229
2276,Greenstreet,229
2277,Greenstreet,229
2278,Greenstreet,229
2279,Greenstreet,229
2280,Greenstreet,229
2281,Greenstreet,229
2282,Greenstreet,229
2283,Greenstreet,229
2284,Greenstreet,229
2285,Greenstreet,229
2286,Greenstreet,229
2287,Greenstreet,229
2288,Greenstreet,229
2289,Greenstreet,229
2290,Greenstreet,229
2291,Greenstreet,229
2292,Greenstreet,229
2293,Greenstreet,229
2294,Greenstreet,229
2295,Greenstreet,229
2296,Greenstreet,229
2297,Greenstreet,229
2298,Greenstreet,229
2299,Greenstreet,229
2300,Greenstreet,229
2301,Greenstreet,229
2302,Greenstreet,229
2303,Greenstreet,229
2304,Greenstreet,229
2305,Greenstreet,229
2306,Greenstreet,229
2307,Greenstreet,229
2308,Greenstreet,229
2309,Greenstreet,229
2310,Greenstreet,229
2311,Greenstreet,229
2312,Greenstreet,229
2313,Greenstreet,229
2314,Greenstreet,229
2315,Greenstreet,229
2316,Greenstreet,229
2317,Greenstreet,229
2318,Greenstreet,229
2319,Greenstreet,229
2320,Greenstreet,229
2321,Greenstreet,229
2322,Greenstreet,229
2323,Greenstreet,229
2324,Greenstreet,229
2325,Greenstreet,229
2326,Greenstreet,229
2327,Greenstreet,229
2328,Greenstreet,229
2329,Greenstreet,229
2330,Greenstreet,229
2331,Greenstreet,229
2332,Greenstreet,229
2333,Greenstreet,229
2334,Greenstreet,229
2335,Greenstreet,229
2336,Greenstreet,229
2337,Greenstreet,229
2338,Greenstreet,229
2339,Greenstreet,229
2340,Greenstreet,229
2341,Greenstreet,229
2342,Greenstreet,229
2343,Greenstreet,229
2344,Greenstreet,229
2345,Greenstreet,229
2346,Greenstreet,229
2347,Greenstreet,229
2348,Greenstreet,229
2349,Greenstreet,229
2350,Greenstreet,229
2351,Greenstreet,229
2352,Greenstreet,229
2353,Greenstreet,229
2354,Greenstreet,229
2355,Greenstreet,229
2356,Greenstreet,229
2357,Greenstreet,229
2358,Greenstreet,229
2359,Greenstreet,229
2360,Greenstreet,229
2361,Greenstreet,229
2362,Greenstreet,229
2363,Greenstreet,229
2364,Greenstreet,229
2365,Greenstreet,229
2366,Greenstreet,229
2367,Greenstreet,229
2368,Greenstreet,229
2369,Greenstreet,229
2370,Greenstreet,229
2371,Greenstreet,229
2372,Greenstreet,229
2373,Greenstreet,229
2374,Greenstreet,229
2375,Greenstreet,229
2376,Greenstreet,229
2377,Greenstreet,229
2378,Greenstreet,229
2379,Greenstreet,229
2380,Greenstreet,229
2381,Greenstreet,229
2382,Greenstreet,229
2383,Greenstreet,229
2384,Greenstreet,229
2385,Greenstreet,229
2386,Greenstreet,229
2387,Greenstreet,229
2388,Greenstreet,229
2389,Greenstreet,229
2390,Greenstreet,229
2391,Greenstreet,229
2392,Greenstreet,229
2393,Greenstreet,229
2394,Greenstreet,229
2395,Greenstreet,229
2396,Greenstreet,229
2397,Greenstreet,229
2398,Greenstreet,229
2399,Greenstreet,229
2400,Greenstreet,229
2401,Greenstreet,229
2402,Greenstreet,229
2403,Greenstreet,229
2404,Greenstreet,229
2405,Greenstreet,229
2406,Greenstreet,229
2407,Greenstreet,229
2408,Greenstreet,229
2409,Greenstreet,229
2410,Greenstreet,229
2411,Greenstreet,229
2412,Greenstreet,229
2413,Greenstreet,229
2414,Greenstreet,229
2415,Greenstreet,229
2416,Greenstreet,229
2417,Greenstreet,229
2418,Greenstreet,229
2419,Greenstreet,229
2420,Greenstreet,229
2421,Greenstreet,229
2422,Greenstreet,229
2423,Greenstreet,229
2424,Greenstreet,229
2425,Greenstreet,229
2426,Greenstreet,229
2427,Greenstreet,229
2428,Greenstreet,229
2429,Greenstreet,229
2430,Greenstreet,229
2431,Greenstreet,229
2432,Greenstreet,229
2433,Greenstreet,229
2434,Greenstreet,229
2435,Greenstreet,229
2436,Greenstreet,229
2437,Greenstreet,229
2438,Greenstreet,229
2439,Greenstreet,229
2440,Greenstreet,229
2441,Greenstreet,229
2442,Greenstreet,229
2443,Greenstreet,229
2444,Greenstreet,229
2445,Greenstreet,229
2446,Greenstreet,229
2447,Greenstreet,229
2448,Greenstreet,229
2449,Greenstreet,229
2450,Greenstreet,229
2451,Greenstreet,229
2452,Greenstreet,229
2453,Greenstreet,229
2454,Greenstreet,229
2455,Greenstreet,229
2456,Greenstreet,229
2457,Greenstreet,229
2458,Greenstreet,229
2459,Greenstreet,229
2460,Greenstreet,229
2461,Greenstreet,229
2462,Greenstreet,229
2463,Greenstreet,229
2464,Greenstreet,229
2465,Greenstreet,229
2466,Greenstreet,229
2467,Greenstreet,229
2468,Greenstreet,229
2469,Greenstreet,229
2470,Greenstreet,229
2471,Greenstreet,229
2472,Greenstreet,229
2473,Greenstreet,229
2474,Greenstreet,229
2475,Greenstreet,229
2476,Greenstreet,229
2477,Greenstreet,229
2478,Greenstreet,229
2479,Greenstreet,229
2480,Greenstreet,229
2481,Greenstreet,229
2482,Greenstreet,229
2483,Greenstreet,229
2484,Greenstreet,229
2485,Greenstreet,229
2486,Greenstreet,229
2487,Greenstreet,229
2488,Greenstreet,229
2489,Greenstreet,229
2490,Greenstreet,229
2491,Greenstreet,229
2492,Greenstreet,229
2493,Greenstreet,229
2494,Greenstreet,229
2495,Greenstreet,229
2496,Greenstreet,229
2497,Greenstreet,229
2498,Greenstreet,229
2499,Greenstreet,229
2500,Greenstreet,229
2501,Greenstreet,229
2502,Greenstreet,229
2503,Greenstreet,229
2504,Greenstreet,229
2505,Greenstreet,229
2506,Greenstreet,229
2507,Greenstreet,229
2508,Greenstreet,229
2509,Greenstreet,229
2510,Greenstreet,229
2511,Greenstreet,229
2512,Greenstreet,229
2513,Greenstreet,229
2514,Greenstreet,229
2515,Greenstreet,229
2516,Greenstreet,229
2517,Greenstreet,229
2518,Greenstreet,229
2519,Greenstreet,229
2520,Greenstreet,229
2521,Greenstreet,229
2522,Greenstreet,229
2523,Greenstreet,229
2524,Greenstreet,229
2525,Greenstreet,229
2526,Greenstreet,229
2527,Greenstreet,229
2528,Greenstreet,229
2529,Greenstreet,229
2530,Greenstreet,229
2531,Greenstreet,229
2532,Greenstreet,229
2533,Greenstreet,229
2534,Greenstreet,229
2535,Greenstreet,229
2536,Greenstreet,229
2537,Greenstreet,229
2538,Greenstreet,229
2539,Greenstreet,229
2540,Greenstreet,229
2541,Greenstreet,229
2542,Greenstreet,229
2543,Greenstreet,229
2544,Greenstreet,229
2545,Greenstreet,229
2546,Greenstreet,229
2547,Greenstreet,229
2548,Greenstreet,229
2549,Greenstreet,229
2550,Greenstreet,229
2551,Greenstreet,229
2552,Greenstreet,229
2553,Greenstreet,229
2554,Greenstreet,229
2555,Greenstreet,229
2556,Greenstreet,229
2557,Greenstreet,229
2558,Greenstreet,229
2559,Greenstreet,229
2560,Greenstreet,229
2561,Greenstreet,229
2562,Greenstreet,229
2563,Greenstreet,229
2564,Greenstreet,229
2565,Greenstreet,229
2566,Greenstreet,229
2567,Greenstreet,229
2568,Greenstreet,229
2569,Greenstreet,229
2570,Greenstreet,229
2571,Greenstreet,229
2572,Greenstreet,229
2573,Greenstreet,229
2574,Greenstreet,229
2575,Greenstreet,229
2576,Greenstreet,229
2577,Greenstreet,229
2578,Greenstreet,229
2579,Greenstreet,229
2580,Greenstreet,229
2581,Greenstreet,229
2582,Greenstreet,229
2583,Greenstreet,229
2584,Greenstreet,229
2585,Greenstreet,229
2586,Greenstreet,229
2587,Greenstreet,229
2588,Greenstreet,229
2589,Greenstreet,229
2590,Greenstreet,229
2591,Greenstreet,229
2592,Greenstreet,229
2593,Greenstreet,229
2594,Greenstreet,229
2595,Cross Island Parkway,50
2596,Cross Island Parkway,50
2597,Cross Island Parkway,50
2598,Cross Island Parkway,50
2599,Cross Island Parkway,50
2600,Cross Island Parkway,50
2601,Cross Island Parkway,50
2602,Cross Island Parkway,50
2603,Cross Island Parkway,50
2604,Cross Island Parkway,50
2605,Cross Island Parkway,50
2606,Cross Island Parkway,50
2607,Cross Island Parkway,50
2608,Cross Island Parkway,50
2609,Cross Island Parkway,50
2610,Cross Island Parkway,50
2611,Cross Island Parkway,50
2612,Cross Island Parkway,50
2613,Cross Island Parkway,50
2614,Cross Island Parkway,50
2615,Cross Island Parkway,50
2616,Cross Island Parkway,50
2617,Cross Island Parkway,50
2618,Cross Island Parkway,50
2619,Cross Island Parkway,50
2620,Cross Island Parkway,50
2621,Cross Island Parkway,50
2622,Cross Island Parkway,50
2623,Cross Island Parkway,50
2624,Cross Island Parkway,50
2625,Cross Island Parkway,50
2626,Cross Island Parkway,50
2627,Cross Island Parkway,50
2628,Cross Island Parkway,50
2629,Cross Island Parkway,50
2630,Cross Island Parkway,50
2631,Cross Island Parkway,50
2632,Cross Island Parkway,50
2633,Cross Island Parkway,50
2634,Cross Island Parkway,50
2635,Cross Island Parkway,50
2636,Cross Island Parkway,50
2637,Cross Island Parkway,50
2638,Cross Island Parkway,50
2639,Cross Island Parkway,50
2640,Cross Island Parkway,50
2641,Cross Island Parkway,50
2642,Cross Island Parkway,50
2643,Cross Island Parkway,50
2644,Cross Island Parkway,50
2645,Cross Island Parkway,50
2646,Cross Island Parkway,50
2647,Cross Island Parkway,50
2648,Cross Island Parkway,50
2649,Cross Island Parkway,50
2650,Cross Island Parkway,50
2651,Cross Island Parkway,50
2652,Cross Island Parkway,50
2653,Cross Island Parkway,50
2654,Cross Island Parkway,50
2655,Cross Island Parkway,50
2656,Cross Island Parkway,50
2657,Cross Island Parkway,50
2658,Cross Island Parkway,50
2659,Cross Island Parkway,50
2660,Cross Island Parkway,50
2661,Cross Island Parkway,50
2662,Cross Island Parkway,50
2663,Cross Island Parkway,50
2664,Cross Island Parkway,50
2665,Cross Island Parkway,50
2666,Cross Island Parkway,50
2667,Cross Island Parkway,50
2668,Cross Island Parkway,50
2669,Cross Island Parkway,50
2670,Cross Island Parkway,50
2671,Cross Island Parkway,50
2672,Cross Island Parkway,50
2673,Cross Island Parkway,50
2674,Cross Island Parkway,50
2675,Cross Island Parkway,50
2676,Cross Island Parkway,50
2677,Cross Island Parkway,50
2678,Cross Island Parkway,50
2679,Cross Island Parkway,50
2680,Cross Island Parkway,50
2681,Cross Island Parkway,50
2682,Cross Island Parkway,50
2683,Cross Island Parkway,50
2684,Cross Island Parkway,50
2685,Cross Island Parkway,50
2686,Cross Island Parkway,50
2687,Cross Island Parkway,50
2688,Cross Island Parkway,50
2689,Cross Island Parkway,50
2690,Cross Island Parkway,50
2691,Cross Island Parkway,50
2692,Cross Island Parkway,50
2693,Cross Island Parkway,50
2694,Cross Island Parkway,50
2695,Cross Island Parkway,50
2696,Cross Island Parkway,50
2697,Cross Island Parkway,50
2698,Cross Island Parkway,50
2699,Cross Island Parkway,50
2700,Bellerose Playground,4
2701,Bellerose Playground,4
2702,Bellerose Playground,4
2703,Bellerose Playground,4
2704,Playground,1
2705,Playground,1
2706,Playground,1
2707,Pat Williams Playground,1
2708,Breininger Park,9
2709,Breininger Park,9
2710,Breininger Park,9
2711,Breininger Park,9
2712,Breininger Park,9
2713,Breininger Park,9
2714,Breininger Park,9
2715,Breininger Park,9
2716,Breininger Park,9
2717,Detective William T. Gunn Park,11
2718,Detective William T. Gunn Park,11
2719,Detective William T. Gunn Park,11
2720,Detective William T. Gunn Park,11
2721,Detective William T. Gunn Park,11
2722,Detective William T. Gunn Park,11
2723,Detective William T. Gunn Park,11
2724,Detective William T. Gunn Park,11
2725,Detective William T. Gunn Park,11
2726,Detective William T. Gunn Park,11
2727,Detective William T. Gunn Park,11
2728,Hempstead Bench Spread,1
2729,Queens Village Veterans Plaza,1
2730,Grand Central Parkway,18
2731,Grand Central Parkway,18
2732,Grand Central Parkway,18
2733,Grand Central Parkway,18
2734,Grand Central Parkway,18
2735,Grand Central Parkway,18
2736,Grand Central Parkway,18
2737,Grand Central Parkway,18
2738,Grand Central Parkway,18
2739,Grand Central Parkway,18
2740,Grand Central Parkway,18
2741,Grand Central Parkway,18
2742,Grand Central Parkway,18
2743,Grand Central Parkway,18
2744,Grand Central Parkway,18
2745,Grand Central Parkway,18
2746,Grand Central Parkway,18
2747,Grand Central Parkway,18
2748,Grand Central Parkway,18
2749,Grand Central Parkway,18
2750,Grand Central Parkway,18
2751,Grand Central Parkway,18
2752,Grand Central Parkway,18
2753,Grand Central Parkway,18
2754,Grand Central Parkway,18
2755,Grand Central Parkway,18
2756,Grand Central Parkway,18
2757,Grand Central Parkway,18
2758,Grand Central Parkway,18
2759,Grand Central Parkway,18
2760,Grand Central Parkway,18
2761,Grand Central Parkway,18
2762,Grand Central Parkway,18
2763,Grand Central Parkway,18
2764,Grand Central Parkway,18
2765,Grand Central Parkway,18
2766,Grand Central Parkway,18
2767,Grand Central Parkway,18
2768,Grand Central Parkway,18
2769,Grand Central Parkway,18
2770,Grand Central Parkway,18
2771,Grand Central Parkway,18
2772,Grand Central Parkway,18
2773,Grand Central Parkway,18
2774,Grand Central Parkway,18
2775,Grand Central Parkway,18
2776,Grand Central Parkway,18
2777,Grand Central Parkway,18
2778,Grand Central Parkway,18
2779,Grand Central Parkway,18
2780,Grand Central Parkway,18
2781,Grand Central Parkway,18
2782,Grand Central Parkway,18
2783,Grand Central Parkway,18
2784,Grand Central Parkway,18
2785,Grand Central Parkway,18
2786,Grand Central Parkway,18
2787,Grand Central Parkway,18
2788,Grand Central Parkway,18
2789,Grand Central Parkway,18
2790,Grand Central Parkway,18
2791,Grand Central Parkway,18
2792,Grand Central Parkway,18
2793,Grand Central Parkway,18
2794,Grand Central Parkway,18
2795,Grand Central Parkway,18
2796,Grand Central Parkway,18
2797,Grand Central Parkway,18
2798,Grand Central Parkway,18
2799,Grand Central Parkway,18
2800,Grand Central Parkway,18
2801,Grand Central Parkway,18
2802,Grand Central Parkway,18
2803,Grand Central Parkway,18
2804,Grand Central Parkway,18
2805,Grand Central Parkway,18
2806,Grand Central Parkway,18
2807,Grand Central Parkway,18
2808,Grand Central Parkway,18
2809,Grand Central Parkway,18
2810,Grand Central Parkway,18
2811,Grand Central Parkway,18
2812,Grand Central Parkway,18
2813,Grand Central Parkway,18
2814,Grand Central Parkway,18
2815,Grand Central Parkway,18
2816,Grand Central Parkway,18
2817,Grand Central Parkway,18
2818,Grand Central Parkway,18
2819,Grand Central Parkway,18
2820,Cross Island Parkway-Greenstreet,2
2821,Cross Island Parkway-Greenstreet,2
2822,N/A,1
2823,N/A,1
2824,N/A,1
2825,N/A,1
2826,N/A,1
2827,N/A,1
2828,N/A,1
2829,N/A,1
2830,N/A,1
2831,N/A,1
2832,N/A,1
2833,N/A,1
2834,Playground Eighty LXXX,6
2835,Playground Eighty LXXX,6
2836,Playground Eighty LXXX,6
2837,Playground Eighty LXXX,6
2838,Playground Eighty LXXX,6
2839,Playground Eighty LXXX,6
2840,Queens Farm Park,9
2841,Queens Farm Park,9
2842,Queens Farm Park,9
2843,Queens Farm Park,9
2844,Queens Farm Park,9
2845,Queens Farm Park,9
2846,Queens Farm Park,9
2847,Queens Farm Park,9
2848,Queens Farm Park,9
2849,Douglaston Park Golf Course,1
2850,Glen Oaks Oval,5
2851,Glen Oaks Oval,5
2852,Glen Oaks Oval,5
2853,Glen Oaks Oval,5
2854,Glen Oaks Oval,5
2855,Castlewood Playground,11
2856,Castlewood Playground,11
2857,Castlewood Playground,11
2858,Castlewood Playground,11
2859,Castlewood Playground,11
2860,Castlewood Playground,11
2861,Castlewood Playground,11
2862,Castlewood Playground,11
2863,Castlewood Playground,11
2864,Castlewood Playground,11
2865,Castlewood Playground,11
2866,Alley Athletic Playground,6
2867,Alley Athletic Playground,6
2868,Alley Athletic Playground,6
2869,Alley Athletic Playground,6
2870,Alley Athletic Playground,6
2871,Alley Athletic Playground,6
2872,Alley Athletic Playground,6
2873,Alley Athletic Playground,6
2874,Alley Athletic Playground,6
2875,Alley Athletic Playground,6
2876,Alley Athletic Playground,6
2877,Alley Athletic Playground,6
2878,Alley Athletic Playground,6
2879,Alley Athletic Playground,6
2880,Alley Athletic Playground,6
2881,Alley Athletic Playground,6
2882,Alley Athletic Playground,6
2883,Ps 186 Playground,1
2884,Sperge Park,2
2885,Sperge Park,2
2886,Jennings Park,1
2887,Crosson Green,2
2888,Crosson Green,2
2889,Winfield Plaza,2
2890,Winfield Plaza,2
2891,Hart Playground,2
2892,Hart Playground,2
2893,Hart Playground,2
2894,Pigeon Paradise,1
2895,Spirit Playground,5
2896,Spirit Playground,5
2897,Spirit Playground,5
2898,Spirit Playground,5
2899,Spirit Playground,5
2900,Ravenswood Playground,10
2901,Ravenswood Playground,10
2902,Ravenswood Playground,10
2903,Ravenswood Playground,10
2904,Ravenswood Playground,10
2905,Ravenswood Playground,10
2906,Ravenswood Playground,10
2907,Ravenswood Playground,10
2908,Ravenswood Playground,10
2909,Ravenswood Playground,10
2910,Athens Square,3
2911,Athens Square,3
2912,Athens Square,3
2913,Van Alst Playground,6
2914,Van Alst Playground,6
2915,Van Alst Playground,6
2916,Van Alst Playground,6
2917,Van Alst Playground,6
2918,Van Alst Playground,6
2919,Hoyt Playground,8
2920,Hoyt Playground,8
2921,Hoyt Playground,8
2922,Hoyt Playground,8
2923,Hoyt Playground,8
2924,Hoyt Playground,8
2925,Hoyt Playground,8
2926,Hoyt Playground,8
2927,Frank Principe Park,14
2928,Frank Principe Park,14
2929,Frank Principe Park,14
2930,Frank Principe Park,14
2931,Frank Principe Park,14
2932,Frank Principe Park,14
2933,Frank Principe Park,14
2934,Frank Principe Park,14
2935,Frank Principe Park,14
2936,Frank Principe Park,14
2937,Frank Principe Park,14
2938,Frank Principe Park,14
2939,Frank Principe Park,14
2940,Frank Principe Park,14
2941,Hull Triangle,1
2942,Federalist Triangle,1
2943,Nathan Weidenbaum Park,2
2944,Nathan Weidenbaum Park,2
2945,Big Bush Park,11
2946,Big Bush Park,11
2947,Big Bush Park,11
2948,Big Bush Park,11
2949,Big Bush Park,11
2950,Big Bush Park,11
2951,Big Bush Park,11
2952,Big Bush Park,11
2953,Big Bush Park,11
2954,Big Bush Park,11
2955,Big Bush Park,11
2956,L/CPL Thomas P. Noonan Jr. Playground,1
2957,Sherry Park,1
2958,Bridge and Tunnel Park,4
2959,Bridge and Tunnel Park,4
2960,Bridge and Tunnel Park,4
2961,Bridge and Tunnel Park,4
2962,Sunnyside Veterans Triangle,2
2963,Sunnyside Veterans Triangle,2
2964,John Vincent Daniels Jr. Square,2
2965,John Vincent Daniels Jr. Square,2
2966,Hunter's Point Park,2
2967,Hunter's Point Park,2
2968,Hunter's Point Park,2
2969,Hunter's Point Park,2
2970,Hunter's Point Park,2
2971,Hunter's Point Park,2
2972,Hunter's Point Park,2
2973,Hunter's Point Park,2
2974,Hunter's Point Park,2
2975,Hunter's Point Park,2
2976,Steinmann Triangle,1
2977,Woodside Memorial Plaza,1
2978,Sohncke Square,1
2979,Court Square Park,1
2980,Doughboy Plaza,1
2981,Murray Playground,9
2982,Murray Playground,9
2983,Murray Playground,9
2984,Murray Playground,9
2985,Murray Playground,9
2986,Murray Playground,9
2987,Murray Playground,9
2988,Murray Playground,9
2989,Murray Playground,9
2990,Torsney Playground,7
2991,Torsney Playground,7
2992,Torsney Playground,7
2993,Torsney Playground,7
2994,Torsney Playground,7
2995,Torsney Playground,7
2996,Torsney Playground,7
2997,Lawrence Virgilio Playground,7
2998,Lawrence Virgilio Playground,7
2999,Lawrence Virgilio Playground,7
3000,Lawrence Virgilio Playground,7
3001,Lawrence Virgilio Playground,7
3002,Lawrence Virgilio Playground,7
3003,Lawrence Virgilio Playground,7
3004,Gordon Triangle,1
3005,Queensbridge Park,11
3006,Queensbridge Park,11
3007,Queensbridge Park,11
3008,Queensbridge Park,11
3009,Queensbridge Park,11
3010,Queensbridge Park,11
3011,Queensbridge Park,11
3012,Queensbridge Park,11
3013,Queensbridge Park,11
3014,Queensbridge Park,11
3015,Queensbridge Park,11
3016,Dwyer Square,1
3017,Playground Thirty Five XXXV,1
3018,A.R.R.O.W. Field House,1
3019,Fagan Square,1
3020,Dutch Kills Playground,7
3021,Dutch Kills Playground,7
3022,Dutch Kills Playground,7
3023,Dutch Kills Playground,7
3024,Dutch Kills Playground,7
3025,Dutch Kills Playground,7
3026,Dutch Kills Playground,7
3027,Sixteen Oaks Grove,1
3028,Sean's Place,3
3029,Sean's Place,3
3030,Sean's Place,3
3031,Astoria Heights Playground,15
3032,Astoria Heights Playground,15
3033,Astoria Heights Playground,15
3034,Astoria Heights Playground,15
3035,Astoria Heights Playground,15
3036,Astoria Heights Playground,15
3037,Astoria Heights Playground,15
3038,Astoria Heights Playground,15
3039,Astoria Heights Playground,15
3040,Astoria Heights Playground,15
3041,Astoria Heights Playground,15
3042,Astoria Heights Playground,15
3043,Astoria Heights Playground,15
3044,Astoria Heights Playground,15
3045,Astoria Heights Playground,15
3046,Hallets Cove Playground,1
3047,Two Coves Community Garden,1
3048,Triborough Bridge Playground C,1
3049,Lou Loadti Playground,1
3050,L/Cpl Thomas P. Noonan Jr. Playground,5
3051,L/Cpl Thomas P. Noonan Jr. Playground,5
3052,L/Cpl Thomas P. Noonan Jr. Playground,5
3053,L/Cpl Thomas P. Noonan Jr. Playground,5
3054,L/Cpl Thomas P. Noonan Jr. Playground,5
3055,St Michaels Playground,6
3056,St Michaels Playground,6
3057,St Michaels Playground,6
3058,St Michaels Playground,6
3059,St Michaels Playground,6
3060,St Michaels Playground,6
3061,Columbus Square,1
3062,St. Michael's Park,1
3063,Astoria Health Playground,1
3064,Hallets Cove Playground (area A),5
3065,Hallets Cove Playground (area A),5
3066,Hallets Cove Playground (area A),5
3067,Hallets Cove Playground (area A),5
3068,Hallets Cove Playground (area A),5
3069,COPERNICUS TRIANGLE,1
3070,P.S. 150,2
3071,P.S. 150,2
3072,McKenna Triangle,1
3073,Vernon Mall,1
3074,Short Triangle,1
3075,Jackson Avenue Median,6
3076,Jackson Avenue Median,6
3077,Jackson Avenue Median,6
3078,Jackson Avenue Median,6
3079,Jackson Avenue Median,6
3080,Jackson Avenue Median,6
3081,Sergeant Collins Triangle,1
3082,Windmuller,1
3083,St. Michael's Playground,2
3084,St. Michael's Playground,2
3085,Triborough Bridge Playground D,1
3086,Triborough Bridge Playground E,1
3087,Technical Sergeant Thomas J. Davey Triangle,1
3088,East River Park,47
3089,East River Park,47
3090,East River Park,47
3091,East River Park,47
3092,East River Park,47
3093,East River Park,47
3094,East River Park,47
3095,East River Park,47
3096,East River Park,47
3097,East River Park,47
3098,East River Park,47
3099,East River Park,47
3100,East River Park,47
3101,East River Park,47
3102,East River Park,47
3103,East River Park,47
3104,East River Park,47
3105,East River Park,47
3106,East River Park,47
3107,East River Park,47
3108,East River Park,47
3109,East River Park,47
3110,East River Park,47
3111,East River Park,47
3112,East River Park,47
3113,East River Park,47
3114,East River Park,47
3115,East River Park,47
3116,East River Park,47
3117,East River Park,47
3118,East River Park,47
3119,East River Park,47
3120,East River Park,47
3121,East River Park,47
3122,Luther Gulick Playground,14
3123,Luther Gulick Playground,14
3124,Luther Gulick Playground,14
3125,Luther Gulick Playground,14
3126,Luther Gulick Playground,14
3127,Luther Gulick Playground,14
3128,Luther Gulick Playground,14
3129,Sara D. Roosevelt Park,45
3130,Sara D. Roosevelt Park,45
3131,Sara D. Roosevelt Park,45
3132,Sara D. Roosevelt Park,45
3133,Sara D. Roosevelt Park,45
3134,Sara D. Roosevelt Park,45
3135,Sara D. Roosevelt Park,45
3136,Sara D. Roosevelt Park,45
3137,Sara D. Roosevelt Park,45
3138,Sara D. Roosevelt Park,45
3139,Sara D. Roosevelt Park,45
3140,Sara D. Roosevelt Park,45
3141,Sara D. Roosevelt Park,45
3142,Sara D. Roosevelt Park,45
3143,Sara D. Roosevelt Park,45
3144,Washington Market Park,12
3145,Washington Market Park,12
3146,Washington Market Park,12
3147,Washington Market Park,12
3148,Baruch Playground,10
3149,Baruch Playground,10
3150,Baruch Playground,10
3151,Baruch Playground,10
3152,Baruch Playground,10
3153,Hester St Plgd,3
3154,Hamilton Fish Park,15
3155,Hamilton Fish Park,15
3156,Hamilton Fish Park,15
3157,Hamilton Fish Park,15
3158,Hamilton Fish Park,15
3159,Hamilton Fish Park,15
3160,Hamilton Fish Park,15
3161,Nathan Straus Playground,21
3162,Nathan Straus Playground,21
3163,Nathan Straus Playground,21
3164,Nathan Straus Playground,21
3165,Nathan Straus Playground,21
3166,Nathan Straus Playground,21
3167,Nathan Straus Playground,21
3168,The Lion's Playground,3
3169,First Park,15
3170,First Park,15
3171,First Park,15
3172,First Park,15
3173,First Park,15
3174,McKinley Playground,6
3175,McKinley Playground,6
3176,Vesuvio Playground,12
3177,Vesuvio Playground,12
3178,Vesuvio Playground,12
3179,Vesuvio Playground,12
3180,Dry Dock Playground,6
3181,Dry Dock Playground,6
3182,Dry Dock Playground,6
3183,Dry Dock,4
3184,Dry Dock,4
3185,Dr. Gertrude B. Kelly Playground,15
3186,Dr. Gertrude B. Kelly Playground,15
3187,Dr. Gertrude B. Kelly Playground,15
3188,Dr. Gertrude B. Kelly Playground,15
3189,Dr. Gertrude B. Kelly Playground,15
3190,Vincent F. Albano Jr. Playground,8
3191,Vincent F. Albano Jr. Playground,8
3192,Vincent F. Albano Jr. Playground,8
3193,Vincent F. Albano Jr. Playground,8
3194,Madison Square Park,6
3195,Madison Square Park,6
3196,St. Vartan Park,14
3197,St. Vartan Park,14
3198,St. Vartan Park,14
3199,St. Vartan Park,14
3200,St. Vartan Park,14
3201,St. Vartan Park,14
3202,St. Vartan Park,14
3203,St. Vartan Park,14
3204,St. Vartan Park,14
3205,St. Vartan Park,14
3206,St. Vartan Park,14
3207,St. Vartan Park,14
3208,St. Vartan Park,14
3209,St. Vartan Park,14
3210,Henry M. Jackson Playground,16
3211,Henry M. Jackson Playground,16
3212,Henry M. Jackson Playground,16
3213,Henry M. Jackson Playground,16
3214,Henry M. Jackson Playground,16
3215,Henry M. Jackson Playground,16
3216,Henry M. Jackson Playground,16
3217,Henry M. Jackson Playground,16
3218,Sol Lain Playground,6
3219,Sol Lain Playground,6
3220,Sol Lain Playground,6
3221,Sidney Hillman Playground,6
3222,Sidney Hillman Playground,6
3223,Sidney Hillman Playground,6
3224,Cherry Clinton Playground,8
3225,Cherry Clinton Playground,8
3226,Cherry Clinton Playground,8
3227,Cherry Clinton Playground,8
3228,Corlears Hook Park,4
3229,Corlears Hook Park,4
3230,Corlears Hook Park,4
3231,Lillian D Wald Playground,12
3232,Lillian D Wald Playground,12
3233,Lillian D Wald Playground,12
3234,Lillian D Wald Playground,12
3235,Lillian D Wald Playground,12
3236,Lillian D Wald Playground,12
3237,Wald Playground,4
3238,Wald Playground,4
3239,DeSalvio Playground,6
3240,DeSalvio Playground,6
3241,ABC Playground,9
3242,ABC Playground,9
3243,ABC Playground,9
3244,Stanton St Courts,3
3245,Grand Canal Court,6
3246,Grand Canal Court,6
3247,Tompkins Square Park,24
3248,Tompkins Square Park,24
3249,Tompkins Square Park,24
3250,Tompkins Square Park,24
3251,Tompkins Square Park,24
3252,Tompkins Square Park,24
3253,Tompkins Square Park,24
3254,Tompkins Square Park,24
3255,Open Road Park,12
3256,Open Road Park,12
3257,Open Road Park,12
3258,Open Road Park,12
3259,James J Walker Park,27
3260,James J Walker Park,27
3261,James J Walker Park,27
3262,James J Walker Park,27
3263,James J Walker Park,27
3264,James J Walker Park,27
3265,James J Walker Park,27
3266,James J Walker Park,27
3267,James J Walker Park,27
3268,William F. Passannante Ballfield,9
3269,William F. Passannante Ballfield,9
3270,William F. Passannante Ballfield,9
3271,Cooper Triangle,3
3272,Dias Y Flores,3
3273,Downing Street Playground,3
3274,Minetta Triangle,3
3275,Abe Lebewohl Park,3
3276,Abe Lebewohl Triangle,3
3277,Father Demo Square,3
3278,Minetta Green,3
3279,Minetta Playground,3
3280,West 4th Street Courts,15
3281,West 4th Street Courts,15
3282,West 4th Street Courts,15
3283,West 4th Street Courts,15
3284,West 4th Street Courts,15
3285,Washington Square Park,3
3286,Sheridan Square Viewing Garden,3
3287,Christopher Park,3
3288,Stuyvesant Square,6
3289,Stuyvesant Square,6
3290,Jefferson Market Garden,3
3291,Union Square Park,6
3292,Union Square Park,6
3293,Mccarthy Square,3
3294,Augustus St. Gaudens Playground,6
3295,Augustus St. Gaudens Playground,6
3296,Peter's Field,30
3297,Peter's Field,30
3298,Peter's Field,30
3299,Peter's Field,30
3300,Peter's Field,30
3301,Peter's Field,30
3302,Peter's Field,30
3303,Peter's Field,30
3304,Peter's Field,30
3305,Peter's Field,30
3306,Vladeck Park,2
3307,Murphy's Brother's Playground,10
3308,Murphy's Brother's Playground,10
3309,Murphy's Brother's Playground,10
3310,Murphy's Brother's Playground,10
3311,Murphy's Brother's Playground,10
3312,Asser Levy,4
3313,Asser Levy,4
3314,Ahearn Park,2
3315,Collect Pond Park,3
3316,Duane Park,3
3317,Schiff Malls,21
3318,Schiff Malls,21
3319,Schiff Malls,21
3320,Schiff Malls,21
3321,Schiff Malls,21
3322,Schiff Malls,21
3323,Schiff Malls,21
3324,Community Of Poor People In Action,3
3325,Beach Street Park,3
3326,Asser Levy Playground,12
3327,Asser Levy Playground,12
3328,Asser Levy Playground,12
3329,Asser Levy Playground,12
3330,Asser Levy Playground,12
3331,Asser Levy Playground,12
3332,Bellevue South Park,6
3333,Bellevue South Park,6
3334,Orchard Alley Garden,2
3335,Peachtree Garden,3
3336,Brisas Del Caribe,3
3337,Kenkeleba House,3
3338,The Secret Garden,3
3339,El Jardin Del Paraiso Park,2
3340,Generation X,3
3341,Miracle Garden,3
3342,Miracle Garden,3
3343,Duarte Square,3
3344,5th St Slope Garden,3
3345,6BC Botanical Garden,3
3346,Green Oasis and Gilbert's Garden,2
3347,Penn South Playground,12
3348,Penn South Playground,12
3349,Penn South Playground,12
3350,Penn South Playground,12
3351,Robert Moses Playground,2
3352,Robert Moses Playground,2
3353,Robert Moses Playground,2
3354,Robert Moses Playground,2
3355,Robert Moses Playground,2
3356,Robert Moses Playground,2
3357,Robert Moses Playground,2
3358,Chelsea Park,24
3359,Chelsea Park,24
3360,Chelsea Park,24
3361,Chelsea Park,24
3362,Chelsea Park,24
3363,Chelsea Park,24
3364,Chelsea Park,24
3365,Chelsea Park,24
3366,Liz Christy Garden,3
3367,Firemen's Memorial Garden,2
3368,6th St and Ave B Community Garden,3
3369,The Creative Little Garden,3
3370,Earth People,2
3371,De Colores Community Yard and Cultural Center,3
3372,La Plaza Cultural,2
3373,9th St Community Garden Park,2
3374,Father Fagan Square,3
3375,Charlton Plaza,3
3376,Merchant's House Museum,3
3377,Twenty-Four Sycamores Park,1
3378,Twenty-Four Sycamores Park,1
3379,Twenty-Four Sycamores Park,1
3380,Twenty-Four Sycamores Park,1
3381,Grand Army Plaza,2
3382,Grand Army Plaza,2
3383,Grand Army Plaza,2
3384,Grand Army Plaza,2
3385,Grand Army Plaza,2
3386,Grand Army Plaza,2
3387,Grand Army Plaza,2
3388,Grand Army Plaza,2
3389,Central Park,81
3390,Central Park,81
3391,Central Park,81
3392,Central Park,81
3393,Central Park,81
3394,Central Park,81
3395,Central Park,81
3396,Central Park,81
3397,Central Park,81
3398,Central Park,81
3399,Central Park,81
3400,Central Park,81
3401,Central Park,81
3402,Central Park,81
3403,Central Park,81
3404,Central Park,81
3405,Central Park,81
3406,Central Park,81
3407,Central Park,81
3408,Central Park,81
3409,Central Park,81
3410,Central Park,81
3411,Central Park,81
3412,Central Park,81
3413,Central Park,81
3414,Central Park,81
3415,Central Park,81
3416,Central Park,81
3417,Central Park,81
3418,Central Park,81
3419,Central Park,81
3420,Central Park,81
3421,Central Park,81
3422,Central Park,81
3423,Central Park,81
3424,Central Park,81
3425,Central Park,81
3426,Central Park,81
3427,Central Park,81
3428,Central Park,81
3429,Central Park,81
3430,Central Park,81
3431,Central Park,81
3432,Central Park,81
3433,Central Park,81
3434,Central Park,81
3435,Central Park,81
3436,Central Park,81
3437,Central Park,81
3438,Central Park,81
3439,Central Park,81
3440,Central Park,81
3441,Central Park,81
3442,Central Park,81
3443,Central Park,81
3444,Central Park,81
3445,Central Park,81
3446,Central Park,81
3447,Central Park,81
3448,Central Park,81
3449,Central Park,81
3450,Central Park,81
3451,Central Park,81
3452,Central Park,81
3453,Central Park,81
3454,Central Park,81
3455,Central Park,81
3456,Central Park,81
3457,Central Park,81
3458,Central Park,81
3459,Central Park,81
3460,Central Park,81
3461,Central Park,81
3462,Central Park,81
3463,Central Park,81
3464,Central Park,81
3465,Central Park,81
3466,Central Park,81
3467,Central Park,81
3468,Central Park,81
3469,Central Park,81
3470,De Witt Clinton Park,10
3471,De Witt Clinton Park,10
3472,De Witt Clinton Park,10
3473,De Witt Clinton Park,10
3474,De Witt Clinton Park,10
3475,De Witt Clinton Park,10
3476,De Witt Clinton Park,10
3477,De Witt Clinton Park,10
3478,De Witt Clinton Park,10
3479,De Witt Clinton Park,10
3480,Playground of the Americas,3
3481,Children's Garden,3
3482,Mercer Playground,3
3483,Gutenberg Playground,14
3484,Gutenberg Playground,14
3485,Gutenberg Playground,14
3486,Gutenberg Playground,14
3487,Gutenberg Playground,14
3488,Gutenberg Playground,14
3489,Gutenberg Playground,14
3490,Vamos Sembrar,3
3491,Community Garden Association,3
3492,Joseph C. Sauer Park,3
3493,Yu Suen Garden,3
3494,El Sol Brilliante Jr,3
3495,Bleecker Playground,3
3496,Abingdon Square,3
3497,Jackson Square,3
3498,Corporal John A. Seravalli Playground,12
3499,Corporal John A. Seravalli Playground,12
3500,Corporal John A. Seravalli Playground,12
3501,Corporal John A. Seravalli Playground,12
3502,Worth Square,3
3503,East River Esplanade,1
3504,East River Esplanade,1
3505,East River Esplanade,1
3506,Clement Clarke Moore Park,3
3507,Park Avenue Malls,63
3508,Park Avenue Malls,63
3509,Park Avenue Malls,63
3510,Park Avenue Malls,63
3511,Park Avenue Malls,63
3512,Park Avenue Malls,63
3513,Park Avenue Malls,63
3514,Park Avenue Malls,63
3515,Park Avenue Malls,63
3516,Park Avenue Malls,63
3517,Park Avenue Malls,63
3518,Park Avenue Malls,63
3519,Park Avenue Malls,63
3520,Park Avenue Malls,63
3521,Park Avenue Malls,63
3522,Park Avenue Malls,63
3523,Park Avenue Malls,63
3524,Park Avenue Malls,63
3525,Park Avenue Malls,63
3526,Park Avenue Malls,63
3527,Park Avenue Malls,63
3528,Park Avenue Malls,63
3529,Park Avenue Malls,63
3530,Park Avenue Malls,63
3531,Park Avenue Malls,63
3532,Park Avenue Malls,63
3533,Park Avenue Malls,63
3534,Park Avenue Malls,63
3535,Park Avenue Malls,63
3536,Park Avenue Malls,63
3537,Park Avenue Malls,63
3538,Park Avenue Malls,63
3539,Park Avenue Malls,63
3540,Park Avenue Malls,63
3541,Park Avenue Malls,63
3542,Park Avenue Malls,63
3543,Park Avenue Malls,63
3544,Park Avenue Malls,63
3545,Park Avenue Malls,63
3546,Park Avenue Malls,63
3547,Park Avenue Malls,63
3548,Park Avenue Malls,63
3549,Park Avenue Malls,63
3550,Park Avenue Malls,63
3551,Park Avenue Malls,63
3552,Park Avenue Malls,63
3553,Park Avenue Malls,63
3554,Park Avenue Malls,63
3555,Park Avenue Malls,63
3556,Park Avenue Malls,63
3557,Park Avenue Malls,63
3558,Park Avenue Malls,63
3559,Park Avenue Malls,63
3560,Park Avenue Malls,63
3561,Park Avenue Malls,63
3562,Park Avenue Malls,63
3563,Park Avenue Malls,63
3564,Trygve Lie Plaza,1
3565,Greeley Square Park,3
3566,Tudor Grove Playground,1
3567,Mary O'Connor Playground,1
3568,Herald Square,4
3569,Dag Hammarskjold Plaza,1
3570,Bryant Park,2
3571,Queensboro Oval,1
3572,14 Honey Locusts Park,2
3573,14 Honey Locusts Park,2
3574,Tramway Plaza,1
3575,Broadway Malls,62
3576,Broadway Malls,62
3577,Broadway Malls,62
3578,Broadway Malls,62
3579,Broadway Malls,62
3580,Broadway Malls,62
3581,Broadway Malls,62
3582,Broadway Malls,62
3583,Broadway Malls,62
3584,Broadway Malls,62
3585,Broadway Malls,62
3586,Broadway Malls,62
3587,Broadway Malls,62
3588,Broadway Malls,62
3589,Broadway Malls,62
3590,Broadway Malls,62
3591,Broadway Malls,62
3592,Broadway Malls,62
3593,Broadway Malls,62
3594,Broadway Malls,62
3595,Broadway Malls,62
3596,Broadway Malls,62
3597,Broadway Malls,62
3598,Broadway Malls,62
3599,Broadway Malls,62
3600,Broadway Malls,62
3601,Broadway Malls,62
3602,Broadway Malls,62
3603,Broadway Malls,62
3604,Broadway Malls,62
3605,Broadway Malls,62
3606,Broadway Malls,62
3607,Broadway Malls,62
3608,Broadway Malls,62
3609,Broadway Malls,62
3610,Broadway Malls,62
3611,Broadway Malls,62
3612,Broadway Malls,62
3613,Broadway Malls,62
3614,Broadway Malls,62
3615,Broadway Malls,62
3616,Broadway Malls,62
3617,Broadway Malls,62
3618,Broadway Malls,62
3619,Broadway Malls,62
3620,Broadway Malls,62
3621,Broadway Malls,62
3622,Broadway Malls,62
3623,Broadway Malls,62
3624,Broadway Malls,62
3625,Broadway Malls,62
3626,Broadway Malls,62
3627,Broadway Malls,62
3628,Broadway Malls,62
3629,Broadway Malls,62
3630,Broadway Malls,62
3631,Broadway Malls,62
3632,Broadway Malls,62
3633,Broadway Malls,62
3634,Broadway Malls,62
3635,Broadway Malls,62
3636,Broadway Malls,62
3637,Broadway Malls,62
3638,Broadway Malls,62
3639,Broadway Malls,62
3640,Broadway Malls,62
3641,Broadway Malls,62
3642,Broadway Malls,62
3643,Broadway Malls,62
3644,Broadway Malls,62
3645,Broadway Malls,62
3646,Broadway Malls,62
3647,Broadway Malls,62
3648,Broadway Malls,62
3649,Broadway Malls,62
3650,Broadway Malls,62
3651,Broadway Malls,62
3652,Broadway Malls,62
3653,Broadway Malls,62
3654,Broadway Malls,62
3655,Broadway Malls,62
3656,Broadway Malls,62
3657,Broadway Malls,62
3658,Broadway Malls,62
3659,Broadway Malls,62
3660,Broadway Malls,62
3661,Broadway Malls,62
3662,Broadway Malls,62
3663,Broadway Malls,62
3664,Broadway Malls,62
3665,Broadway Malls,62
3666,Broadway Malls,62
3667,Broadway Malls,62
3668,Broadway Malls,62
3669,Broadway Malls,62
3670,Broadway Malls,62
3671,Broadway Malls,62
3672,Broadway Malls,62
3673,Broadway Malls,62
3674,Broadway Malls,62
3675,Broadway Malls,62
3676,Broadway Malls,62
3677,Broadway Malls,62
3678,Broadway Malls,62
3679,Broadway Malls,62
3680,Broadway Malls,62
3681,Broadway Malls,62
3682,Broadway Malls,62
3683,Broadway Malls,62
3684,Broadway Malls,62
3685,Broadway Malls,62
3686,Broadway Malls,62
3687,Broadway Malls,62
3688,St. Catherine's Park,7
3689,St. Catherine's Park,7
3690,St. Catherine's Park,7
3691,St. Catherine's Park,7
3692,St. Catherine's Park,7
3693,St. Catherine's Park,7
3694,St. Catherine's Park,7
3695,Rainey Park,3
3696,Rainey Park,3
3697,Rainey Park,3
3698,Rainey Park,3
3699,Rainey Park,3
3700,Rainey Park,3
3701,Rainey Park,3
3702,Socrates Sculpture Park,1
3703,Matthews - Palmer Playground,8
3704,Matthews - Palmer Playground,8
3705,Matthews - Palmer Playground,8
3706,Matthews - Palmer Playground,8
3707,Hell's Kitchen Park,12
3708,Hell's Kitchen Park,12
3709,Hell's Kitchen Park,12
3710,Hell's Kitchen Park,12
3711,Hell's Kitchen Park,12
3712,Hell's Kitchen Park,12
3713,Ramon Aponte Park,4
3714,Ramon Aponte Park,4
3715,McCaffrey Playground,6
3716,McCaffrey Playground,6
3717,Clinton Community Garden,2
3718,Nelson Rockefeller Playground,3
3719,I.S./P.S. 89,3
3720,Tribeca Dog Run,3
3721,Canal Park,3
3722,Allied Productions/Le Petit Versailles,3
3723,Los Amigos Garden,3
3724,Hope Garden,3
3725,Lower East Side Ecology Center,3
3726,Campos Garden,2
3727,Petrosino Square,3
3728,The High Line,3
3729,Urban Botanical Soc./Sam and Sadie Koenig Garden,2
3730,Ave C & 18th St,2
3731,Hamilton Fish,4
3732,Hamilton Fish,4
3733,Recreation Center 54,1
3734,First Street Garden,3
3735,Chelsea Recreation Center,3
3736,Father Fagan Park,3
3737,The Public Theater,3
3738,Father Duffy Square,2
3739,Tony Dapolito Recreation Center,3
3740,Broadway Ped refuge,9
3741,Broadway Ped refuge,9
3742,Broadway Ped refuge,9
3743,Recreation Center 59,1
3744,Dante Park,1
3745,Lincoln Center Plaza,2
3746,Lincoln Center Plaza,2
3747,Damrosch Park,1
3748,Richard Tucker Square,1
3749,Samuel N. Bennerson 2nd Playground,3
3750,Samuel N. Bennerson 2nd Playground,3
3751,Samuel N. Bennerson 2nd Playground,3
3752,Playground Seventy,6
3753,Playground Seventy,6
3754,Playground Seventy,6
3755,Playground Seventy,6
3756,Playground Seventy,6
3757,Playground Seventy,6
3758,Happy Warrior Playground,6
3759,Happy Warrior Playground,6
3760,Happy Warrior Playground,6
3761,Happy Warrior Playground,6
3762,Happy Warrior Playground,6
3763,Happy Warrior Playground,6
3764,Riverside Park,60
3765,Riverside Park,60
3766,Riverside Park,60
3767,Riverside Park,60
3768,Riverside Park,60
3769,Riverside Park,60
3770,Riverside Park,60
3771,Riverside Park,60
3772,Riverside Park,60
3773,Riverside Park,60
3774,Riverside Park,60
3775,Riverside Park,60
3776,Riverside Park,60
3777,Riverside Park,60
3778,Riverside Park,60
3779,Riverside Park,60
3780,Riverside Park,60
3781,Riverside Park,60
3782,Riverside Park,60
3783,Riverside Park,60
3784,Riverside Park,60
3785,Riverside Park,60
3786,Riverside Park,60
3787,Riverside Park,60
3788,Riverside Park,60
3789,Riverside Park,60
3790,Riverside Park,60
3791,Riverside Park,60
3792,Riverside Park,60
3793,Riverside Park,60
3794,Riverside Park,60
3795,Riverside Park,60
3796,Riverside Park,60
3797,Riverside Park,60
3798,Riverside Park,60
3799,Riverside Park,60
3800,Riverside Park,60
3801,Riverside Park,60
3802,Riverside Park,60
3803,Riverside Park,60
3804,Riverside Park,60
3805,Riverside Park,60
3806,Riverside Park,60
3807,Riverside Park,60
3808,Riverside Park,60
3809,Riverside Park,60
3810,Riverside Park,60
3811,Riverside Park,60
3812,Riverside Park,60
3813,Riverside Park,60
3814,Riverside Park,60
3815,Riverside Park,60
3816,Riverside Park,60
3817,Riverside Park,60
3818,Riverside Park,60
3819,Riverside Park,60
3820,Riverside Park,60
3821,Riverside Park,60
3822,Riverside Park,60
3823,Riverside Park,60
3824,Riverside Park,60
3825,Riverside Park,60
3826,Riverside Park,60
3827,Riverside Park,60
3828,Riverside Park,60
3829,Riverside Park,60
3830,Riverside Park,60
3831,Riverside Park,60
3832,Riverside Park,60
3833,Riverside Park,60
3834,Riverside Park,60
3835,Riverside Park,60
3836,Riverside Park,60
3837,Riverside Park,60
3838,Riverside Park,60
3839,Riverside Park,60
3840,Riverside Park,60
3841,Riverside Park,60
3842,Verdi Square,1
3843,Theodore Roosevelt Park,1
3844,Booker T. Washington Playground,14
3845,Booker T. Washington Playground,14
3846,Booker T. Washington Playground,14
3847,Booker T. Washington Playground,14
3848,Booker T. Washington Playground,14
3849,Booker T. Washington Playground,14
3850,Booker T. Washington Playground,14
3851,Booker T. Washington Playground,14
3852,Booker T. Washington Playground,14
3853,Booker T. Washington Playground,14
3854,Booker T. Washington Playground,14
3855,Booker T. Washington Playground,14
3856,Booker T. Washington Playground,14
3857,Booker T. Washington Playground,14
3858,Bethesda Terrace,1
3859,Skate Park And Basketball Courts,5
3860,Skate Park And Basketball Courts,5
3861,Skate Park And Basketball Courts,5
3862,Skate Park And Basketball Courts,5
3863,Skate Park And Basketball Courts,5
3864,Tecumseh Playground,2
3865,Tecumseh Playground,2
3866,Neufeld Plgd,1
3867,Sol Bloom Playground,7
3868,Sol Bloom Playground,7
3869,Sol Bloom Playground,7
3870,Sol Bloom Playground,7
3871,Sol Bloom Playground,7
3872,Sol Bloom Playground,7
3873,Sol Bloom Playground,7
3874,Joan Of Arc Park,1
3875,Bloomingdale Playground,2
3876,Bloomingdale Playground,2
3877,Mobilization For Change,1
3878,W 87th Street Garden,1
3879,Playground Eighty Nine LXXXIX,1
3880,St. Gregory's Playground,3
3881,St. Gregory's Playground,3
3882,St. Gregory's Playground,3
3883,Sheep Meadow,4
3884,Sheep Meadow,4
3885,Sheep Meadow,4
3886,Sheep Meadow,4
3887,101st St. Soccer Field,1
3888,North Meadow Recreation Center,1
3889,Skate Park,1
3890,Anibal Aviles Playground,1
3891,104th St. Softball Field,1
3892,W 104th Street Garden,2
3893,W 104th Street Garden,2
3894,Frederick Douglass Playground,3
3895,Frederick Douglass Playground,3
3896,Frederick Douglass Playground,3
3897,The Mall And Rumsey Playfield,1
3898,Terrace Promenade South,1
3899,Septuagesimo UNO,1
3900,Fred Douglas,1
3901,Riverside Park South,1
3902,Sherman Square,1
3903,West 111th St. People's Garden,1
3904,La Perla Garden,1
3905,Straus Park,1
3906,Sgt. William Dougherty Playground,3
3907,Sgt. William Dougherty Playground,3
3908,Sgt. William Dougherty Playground,3
3909,Cooper Park,1
3910,Cooper Park,1
3911,Cooper Park,1
3912,Cooper Park,1
3913,Cooper Park,1
3914,Cooper Park,1
3915,Cooper Park,1
3916,Cooper Park,1
3917,Cooper Park,1
3918,Cooper Park,1
3919,Cooper Park,1
3920,Cooper Park,1
3921,Frost Playground,5
3922,Frost Playground,5
3923,Frost Playground,5
3924,Frost Playground,5
3925,Frost Playground,5
3926,Fidelity Memorial Park (t),1
3927,Palmetto Playground,3
3928,Palmetto Playground,3
3929,Palmetto Playground,3
3930,Palmetto Playground,3
3931,Palmetto Playground,3
3932,Msgr. McGolrick Park,1
3933,P.S. 110,2
3934,P.S. 110,2
